video_id,title,likes,views,published_date
yWEUL3crU_E,I Baked a Cake In a Race Car,415590,20602980,2025-10-21T16:00:01Z
JgJrQnDIRgg,First to Answer the Phone Wins $10000,1133910,34203486,2025-10-17T16:00:00Z
gtkqnhN0VkU,Answer The Door Win $10000,1594344,48276321,2025-10-14T16:00:00Z
oBXSvS2QKxU,100 Kids Vs World's Strongest Man!,2330318,101195080,2025-10-11T16:00:00Z
UTdcX1e0cMA,Jump Over The Lava Win!,1519475,50336972,2025-10-10T16:00:01Z
oiZvK6MY7tI,Call Your Ex Win $10000,1825418,61716936,2025-10-07T16:00:00Z
F0OkwXKcPSE,Hi Me In 10 Years,3150728,43568215,2025-10-04T16:00:07Z
686PL7rt654,World‚Äôs Fastest Dinner Date,2863424,185093048,2025-10-03T16:00:03Z
zo7i8VTpfNM,Would You Risk Dying For $500000?,2003341,87298530,2025-09-27T16:00:04Z
NfhuGUyWYfQ,Would Your Grandma Go Skydiving?,2050092,67333950,2025-09-26T18:00:07Z
wIpWCJKfRXs,I Cooked A Pizza With Power Tools,5357429,261608212,2025-09-23T16:00:07Z
9Xeepzg1B8I,Which Celebrity Punches The Hardest?,2795929,123094067,2025-09-19T16:00:03Z
50G0kIty7Cg,Answer The Call Win $10000,4953906,213919914,2025-09-16T17:00:04Z
4l97aNza_Zc,Survive 30 Days Chained To Your Ex Win $250000,3368520,148732135,2025-09-13T16:00:01Z
3ih2bPKSWsQ,I Arrested IShowSpeed,1936031,59714120,2025-09-12T17:00:01Z
uA9Zcg3vHvo,I Raced IShowSpeed,6796617,337215929,2025-09-01T20:45:41Z
_AbFXuGDRTs,$1 vs $1000000000 Nuclear Bunker!,2607916,117704974,2025-08-30T16:00:11Z
MOGW3v3pJ5Y,1 Subscriber = 1 Penny Donated,22477255,561889390,2025-08-29T16:00:10Z
XNtTO_339kU,Pick The Wrong Tube Get Slimed,2236924,96446733,2025-08-27T16:00:02Z
rB9NynBZ4go,Reaction Time Challenge,1767459,106143117,2025-08-19T16:00:02Z
TDv56whosPQ,Survive 100 Days In Prison Win $500000,2870592,119672136,2025-08-16T19:00:02Z
R_BmT1OJw98,Every YouTube Play Button I Have,2033601,79192543,2025-08-15T16:00:01Z
vpRW4JhzfSE,1 Subscriber = 1 Second In The Arctic,2297093,64462746,2025-08-08T16:00:02Z
qXW93Cois2s,Guess What Hit You,1160575,64577085,2025-08-05T16:00:01Z
r7f0L48dHpc,$1  = One Year of Clean Water,3622073,116744104,2025-08-02T16:00:02Z
Z4hVGCWH1Kc,2000000 People Get Clean Water For The First Time!,2312849,77473391,2025-08-01T16:00:01Z
zxuICI0kL3s,Don‚Äôt Turn Around Win $10k,5893824,305144025,2025-07-31T16:00:01Z
R1SFXJo-FlE,Subscribe To Explode The TNT,2734459,91814659,2025-07-29T16:00:01Z
lQz5aqjZ3lQ,Find This Briefcase Win $10000,4859128,176971535,2025-07-25T16:00:02Z
EiFcNbXBqeo,Jet Engine vs Human for $10k,2038548,125616627,2025-07-20T16:00:01Z
pzBi1nwDn8U,Survive 100 Days Trapped In A Private Jet Keep It,3391867,133144961,2025-07-19T16:00:01Z
R7oW0LwS_e4,I Met Neymar,1651789,96137827,2025-07-11T16:15:07Z
BfKI_TQnQvo,I Raced A Cheetah,2951862,124836939,2025-07-06T16:00:01Z
FWAdfuPpLOc,World's Fastest Car Vs Cheetah!,3309008,179963310,2025-07-05T16:00:01Z
NjlP2_l1Wr0,You Lose You Get Shot,1614204,95859455,2025-06-30T16:00:08Z
gGcaGdHlt60,If You Spill You Lose!,3488726,374382253,2025-06-25T17:00:08Z
pe_ejTiIcSs,Lose 100 LBs Win $250000!,6403023,205378750,2025-06-21T16:00:01Z
V6In4tmd-w8,$1 vs $25000 VFX,2238293,88507753,2025-06-19T17:00:41Z
ZGvn9ywXjpY,Feastables vs Reese‚Äôs Taste Test with @gordonramsay,5595858,294035337,2025-06-10T16:00:02Z
hTSaweR8qMI,$1 vs $500000 Date,3346375,145209635,2025-06-07T16:00:00Z
KCRLP-zBacU,Can I Teach a Penguin To Subscribe?,6528342,314533714,2025-05-31T16:10:27Z
c2ukL_zjFCk,Extreme Helmet Game,3312283,175109636,2025-05-28T16:00:19Z
DZIASl9q90s,Beat Neymar Win $500000,3512396,154177729,2025-05-24T16:00:01Z
7qY-qalCI2Y,Grab The Rolex Keep It!,2910570,190016127,2025-05-21T15:59:50Z
N0pwLtonPdg,Slippery vs Sticky Stairs,7782996,702620592,2025-05-16T16:00:01Z
-4GmbBoYQjE,I Survived 100 Hours In An Ancient Temple,2906157,118363629,2025-05-10T16:00:01Z
0yPgljFcTR4,Subscribe to Win $50000,4152354,84450909,2025-05-07T16:00:01Z
TN1wErFGTzM,Find This Key Win $10000,1544286,49774924,2025-05-05T16:00:00Z
3dxksf0CzS8,World‚Äôs Fastest Robbers,5201282,233424681,2025-05-02T16:00:00Z
x7yv72s8h0o,Would You Go On Vacation With A Stranger?,7822994,253697673,2025-04-29T16:00:00Z
uyiG6uw-6pA,Would You Risk Drowning for $500000?,3152396,190365546,2025-04-26T16:00:00Z
M1STzb7k9L8,Extreme Helmet Game,2230279,205274448,2025-04-25T16:15:00Z
7K-yxGWYsnk,$10000 Human Shuffleboard,5914535,485187474,2025-04-22T16:30:14Z
Tbn4cYCaZCk,Drift This Car Win $10000,6305060,468295112,2025-04-16T17:00:15Z
figrl0aOULs,Click This Video To Feed 1 Person,4226480,73106690,2025-04-12T16:00:01Z
Uxc84UUrVHk,You Can Stop Child Labor,3566561,89032554,2025-04-11T16:00:01Z
BzKaMelDzqo,How Fast Can I Go?,2759678,171758328,2025-04-05T16:00:12Z
4yx9ZJDfyKk,Baseball Tic Tac Toe vs MLB Pro,1539231,65640082,2025-03-27T16:00:00Z
kPa_S6jN9ls,Could You Win This Obstacle Course?,1724627,90950864,2025-03-25T16:15:01Z
69g-YcbmgQA,Find Your Dog Win $10000,11159298,450065342,2025-03-23T16:00:01Z
aKq8bkY5eTU,I Survived The 5 Deadliest Places On Earth,3153475,158013153,2025-03-22T16:00:00Z
TNtpUQbW4mg,This Is How The Pyramids Were Built,7929698,306458766,2025-03-18T16:00:00Z
TgCm8oDmxOk,I Crashed One Of The Most Expensive Cars In The World,2464143,101592507,2025-03-14T16:00:00Z
954wJ3uHVAk,Last One To Fall Wins,3892535,132708162,2025-03-08T18:05:23Z
zajUgQLviwk,Last to Leave Their Circle Wins $500000,3056928,190640127,2025-03-01T17:00:01Z
PXevNM0awlI,Highest Away From Me Wins $10000,11048956,502869626,2025-02-28T17:00:00Z
PuQ5UxKUY48,Find The Human Win $10000,7136930,311673020,2025-02-24T17:00:02Z
L5ihmu87xTE,Find This Stranger Win $10000,15749066,592869071,2025-02-19T18:00:00Z
nAiKLoCP-kU,Reach the Money Win $10000,7517898,472467922,2025-02-14T18:15:00Z
NDsO1LT_0lw,I Spent 100 Hours Inside The Pyramids!,5329625,219008011,2025-02-08T17:00:00Z
sF5LYGgKbUA,Every Minute One Person Is Eliminated,3027317,143697462,2025-01-25T17:00:01Z
MFpWEKN9c6Y,Last Person Hanging Wins $10000,12526656,524704900,2025-01-21T17:00:03Z
TRxMLLuWIhw,Subscribe For An iPhone,28164135,283630878,2025-01-17T17:00:00Z
SM66GDRyIVY,I Helped 2000 People Walk Again,2954719,123756681,2025-01-11T17:00:02Z
EvqtfK_RaRg,This obstacle course is WILD,3847754,203930533,2025-01-10T17:00:00Z
3cWm9B_0_kI,How Many People To Stop Ronaldo?,11624148,501942450,2024-12-27T19:00:00Z
qtWqHIx8Z-o,Last Person Standing Wins $10000,12997274,616241231,2024-12-22T17:00:01Z
gs8qfL9PNac,2000 People Fight For $5000000,4573790,184738126,2024-12-19T17:00:00Z
DBPYB8WkkDc,Bring Me Back Snow From The North Pole,17904726,643148956,2024-12-10T17:00:00Z
zvBXpoBegwE,I Got T-Series To Subscribe To Me,8001765,185975009,2024-12-09T17:00:01Z
SWc8fI_9iqA,Ronaldo Teaches Me How To SIUU,9126156,324525905,2024-12-01T17:00:00Z
0BjlBnfHcHM,Beat Ronaldo Win $1000000,8104524,329928415,2024-11-30T17:00:00Z
HcL1EQ5qD_g,Confronting Ronaldo,12352321,228537853,2024-11-29T17:30:10Z
dc089EZRGcg,How Many Balloons To Make A Store Fly?,10431976,459199432,2024-11-18T19:00:00Z
vXNtju4VFm4,Restocking MrBeast Labs at Walmart,5748903,343197155,2024-11-18T17:00:00Z
I9mw5UlDyPI,This Game Is Wild...,13265262,655733780,2024-11-12T17:00:00Z
pS-fFdvyHLE,How Much Tape To Stop A Lamborghini?,13844451,730284571,2024-11-08T17:00:00Z
Xj0Jtjg3lHQ,$1 vs $500000 Experiences!,5098345,265225663,2024-11-02T16:00:00Z
9UtcHPCEBgg,1 Subscriber = 1 Penny,16991358,377430313,2024-10-19T18:00:00Z
ZNt_GoOBHq8,Human vs Jet Engine,13310419,522382685,2024-10-17T19:00:00Z
bn0Kh9c4Zv4,7 Days Exploring An Underground City,3672350,164975953,2024-10-12T16:00:00Z
dDVFnfCwjHA,Will A Basketball Boat Hold My Weight?,9973707,371467012,2024-10-11T16:00:01Z
Kt2HvqRruHQ,Find The Real MrBeast Win $10000,10165947,329979075,2024-10-05T16:00:00Z
vDrSCXFMAKk,Spot The Difference Win $10000,8260218,262323773,2024-09-28T20:00:00Z
snX5YyflrGw,100 Identical Twins Fight For $250000,3327124,180433789,2024-09-28T16:00:00Z
nbzQdlWrcnk,Running With Bigger And Bigger Lunchlys,8164770,323269656,2024-09-20T16:00:00Z
8krJy31Diow,Holding Bigger And Bigger Dogs,7931935,310412453,2024-09-16T18:00:00Z
aRcUVhVlSHg,Men Vs Women Survive In The Wilderness For $500000,4264802,206277097,2024-09-07T16:00:00Z
Jo7sfpeWqwE,Will A Guitar Boat Hold My Weight?,18132741,756777968,2024-09-05T16:00:01Z
QtD-CeUdRUQ,Real Or Cake For $10000,7726213,232389394,2024-08-29T16:00:00Z
ndAQfTzlVjc,7 Days Stranded In A Cave,4548410,163818940,2024-08-17T16:00:00Z
AydS-vA3qa4,Running With Bigger And Bigger Feastables,12075806,422562008,2024-08-15T23:00:00Z
UPrkC1LdlLY,Survive 100 Days In Nuclear Bunker Win $500000,6127915,329096006,2024-08-03T16:00:00Z
8bTQMDM4qvY,Spot The Fake Animal For $10000,16913354,592978492,2024-07-19T16:00:00Z
DBw0oD38z0Q,This Game Is Wild,6187755,229918588,2024-07-17T16:00:00Z
4SNThp0YiU4,50 YouTubers Fight For $1000000,9559976,416680589,2024-07-13T16:00:01Z
XhuisK0bTSA,Pass The Phone To‚Ä¶,11242888,266531541,2024-07-11T17:00:01Z
lkCRPp7cnP8,How Many Balloons Does It Take To Fly?,20321745,529845455,2024-07-10T17:00:00Z
KkCXLABwHP0,I Built 100 Houses And Gave Them Away!,7834115,226747934,2024-06-29T16:00:00Z
PWirijQkH4M,World‚Äôs Deadliest Obstacle Course!,6684170,375972949,2024-06-15T16:00:01Z
U_LlX4t0A9I,$10000 Every Day You Survive In The Wilderness,8577061,319007811,2024-06-01T16:00:00Z
T8I165Qxeo8,Sprinting with More and More Money,11901913,313041413,2024-05-30T16:00:01Z
i-9V21MqlhY,Giving 1000 Phones Away,23251580,382054368,2024-05-28T16:00:00Z
YyNz4--6fro,World‚Äôs Smartest Dog,10234988,248502008,2024-05-16T16:00:00Z
f0cXJ6mJxGc,Bottle Head Smashing World Record Attempt!,12480858,495204308,2024-05-14T16:00:00Z
F6PqxbvOCUI,Protect The Yacht Keep It!,4199197,163313280,2024-05-11T16:00:00Z
oA4LSZvX4iE,Ages 1-100 Try My Chocolate,9850619,270682801,2024-05-09T16:00:00Z
ZKxnjszkZto,Spot The Hidden People For $10000,6401242,197797740,2024-05-08T16:00:01Z
8_gdcaX9Xqk,Would You Split Or Steal $250000?,11440368,209587918,2024-05-03T16:00:00Z
snUyLbGx6U4,Buy Feastables Win Unlimited Money,12404548,390172858,2024-04-30T16:00:00Z
Pv0iVoSZzN8,In 10 Minutes This Room Will Explode!,4155798,161650786,2024-04-27T16:00:00Z
CWbV3NItSdY,The World's Fastest Cleaners,26192031,689772152,2024-04-25T16:00:03Z
l-nMKJ5J3Uc,Ages 1 - 100 Decide Who Wins $250000,6186170,297819743,2024-04-20T15:59:59Z
XE1Qyss8GIY,Guess The Gift Keep It,19029852,534400166,2024-04-09T17:00:00Z
6GzHPS0rEgc,I‚Äôm Giving My 250M Subscriber $25000,10205255,295194454,2024-04-06T19:45:00Z
imhY0pe-Sd8,Anything You Touch You Keep!,10257926,257940462,2024-04-02T16:00:03Z
erLbbextvlY,7 Days Stranded On An Island,7341160,427256206,2024-03-30T16:00:01Z
OnTTThIzuNU,Keep Track Of Car Win $10000,7853834,173148628,2024-03-19T16:00:00Z
mKdjycj-7eE,Stop This Train Win a Lamborghini,5353587,237978331,2024-03-16T16:00:00Z
tWYsfOSY9vY,I Survived 7 Days In An Abandoned City,6575907,311145367,2024-03-02T17:00:00Z
sH48lKbayNU,Unboxing My 200M Subscriber Play Button,14320741,238275150,2024-02-29T17:00:00Z
AFXoSFNMwIA,I Filled Chandler‚Äôs Car With Feastables,14231578,399689751,2024-02-27T18:00:01Z
k194wHZHjB0,Most Expensive Hand Model Holds Feastables,11964820,574521477,2024-02-24T18:00:09Z
AjwAdtlRKf8,Buy Feastables Win $10000,15937782,428583833,2024-02-17T19:00:01Z
KOEfDvr4DcQ,Face Your Biggest Fear To Win $800000,6574116,353639761,2024-02-10T17:00:00Z
krsBRQbOPQ4,$1 vs $250000000 Private Island!,5821308,356031259,2024-01-27T17:00:00Z
7ESeQBeikKs,Protect $500000 Keep It!,4770030,185302948,2024-01-13T17:00:00Z
K_CbgLpvH9E,I Spent 7 Days In Solitary Confinement,5376823,263045247,2023-12-30T17:00:03Z
lOKASgtr6kU,I Adopted 100 Dogs!,6518947,353383519,2023-12-23T17:00:00Z
9RhWXPcKBI8,Survive 100 Days Trapped Win $500000,6807746,424746842,2023-12-16T17:00:01Z
ZVt9ZJfWV1c,Feeding A Dog $1 vs $10000 Steak,15312023,538736953,2023-12-14T18:00:00Z
rWBOITBjitE,Could You Walk Up A Skyscraper?,15134990,441118697,2023-12-05T18:00:00Z
tnTPaLOaHz8,$10000 Every Day You Survive In A Grocery Store,7274686,463840299,2023-12-02T17:00:00Z
Wdjh81uH6FU,$1 vs $10000000 Job!,4805337,289151798,2023-11-25T17:00:00Z
7dYTw-jAYkY,I Spent 7 Days Buried Alive,7846908,278069724,2023-11-18T17:00:01Z
AjZDwxt7S8w,I Gave Away A House On Halloween,13495477,335168768,2023-11-10T18:00:00Z
aZnqqXaT02g,Giving Car Keys Instead Of Candy On Halloween,10680991,367415666,2023-11-09T18:00:00Z
mwKJfNYwvm8,I Built 100 Wells In Africa,10362648,254373452,2023-11-04T16:00:00Z
l9_8_pDTmis,Furthest Away From Me Wins $10000,21449951,649029324,2023-11-02T17:00:03Z
n7x4Jj9pdH8,World‚Äôs Most Expensive Bed,21267354,509816615,2023-10-31T17:00:01Z
QjvpjXdgugA,10 People Vs World's Deadliest Laser Maze for $250000,4794816,287211026,2023-10-28T15:59:59Z
jGAJCAuV3pQ,World‚Äôs Most Expensive Coffee,11264568,269111391,2023-10-19T17:00:03Z
c0v8OPItCOg,$100000000 Bathroom,12525603,346372016,2023-10-17T17:00:00Z
3ryID_SwU5E,$1 vs $100000000 House!,6321247,384386464,2023-10-14T16:00:00Z
IemzxkkzI5s,I Tipped A Pizza Delivery Driver A Car,26212082,644636796,2023-10-12T17:30:03Z
3OFj6l2tQ9s,World's Most Dangerous Trap!,6673926,323748371,2023-10-07T16:00:00Z
bvlFjrcpD6s,I NEED 1 MORE ùó¶ùó®ùóïùó¶ùóñùó•ùóúùóïùóòùó•,30434781,461233732,2023-10-05T17:00:01Z
AZlBZuS4hr0,Guess The Gift Keep It,25218531,886583161,2023-10-03T17:00:00Z
Gx6VeIIbWwM,Spot The Hidden People For $10000,21760693,730463635,2023-09-28T17:00:01Z
CAOY8EKH1qU,I Paid A Random Student‚Äôs College Tuition,24489616,468858676,2023-09-26T16:59:59Z
IQxea9UB1nQ,$100000000 Car Doors,29251072,1210739017,2023-09-19T17:00:00Z
KrLj6nc516A,$1 vs $100000000 Car!,7859765,497050388,2023-09-16T16:00:01Z
zgLhCT7aFCA,Extreme Home Makeover!,19605465,389094010,2023-09-12T17:00:00Z
L5kIXRdwGAI,Katana Vs Bullet,37597382,1087048027,2023-09-07T17:00:01Z
19NmWqv4Alk,How Many School Buses Can We Stack?,15446338,492354464,2023-09-05T16:59:57Z
vBpQ1SlfVtU,Lamborghini Vs World's Largest Shredder,5688778,251476943,2023-09-02T16:00:00Z
SGzWIoLAzmY,Feeding A Cat $10 Vs $10000 Sushi,13720830,372832486,2023-08-31T17:00:00Z
NnNZLCl78Ao,Make This Kick Win Super Bowl Tickets,5202852,138804346,2023-08-25T16:00:25Z
NTZhwAldqwg,Metal Pipe Vs School Bus,13804589,515992321,2023-08-22T17:00:00Z
J_z-W4UVHkw,Every Country On Earth Fights For $250000!,6408898,246648606,2023-08-19T16:00:01Z
mKIhHNznt4s,Can You Beat A Girl In Arm Wrestling?,20914412,552771857,2023-08-17T17:00:00Z
jObOjhUkf50,$1 vs $250000 Vacation!,6648903,389422540,2023-08-12T15:59:59Z
O3YVBJ2n5xg,I Ate The World‚Äôs Most Poisonous Fish,21692827,489410885,2023-08-08T17:30:01Z
yhB3BgJyGl8,7 Days Stranded At Sea,8186616,395354509,2023-08-05T16:00:01Z
CP82DAKzL1U,I Traded My Car At a Red Light,26408906,660046749,2023-07-15T17:00:01Z
fuhE6PYnRMc,Train Vs Giant Pit,6567299,281681323,2023-07-08T16:00:00Z
stUofW3whpE,I Buried Treasure in the Bermuda Triangle,25433286,489664565,2023-07-06T17:00:01Z
48h57PspBec,$1 vs $1000000000 Yacht!,8172531,503132930,2023-06-10T16:00:00Z
ooAwCOP67GQ,Do Pawnshops Scam You?,16269368,410474351,2023-06-03T16:59:57Z
FM7Z-Xq8Drc,Ages 1 - 100 Fight For $500000,6708569,444026344,2023-05-27T21:14:59Z
ykRq_rp7NhM,I Got Naruto to Subscribe to Me,13328840,312833158,2023-05-20T20:00:00Z
WTOm65IZneg,1000 Deaf People Hear For The First Time,5502050,204814753,2023-05-06T19:59:59Z
8kggT2ej-lo,Would You Pet a Cheetah in Africa?,28210766,855542690,2023-05-01T20:00:02Z
GGBy50KtvRk,Tipping A Waitress A Car,28930071,665622248,2023-04-22T20:00:00Z
Y4-gFIfGXiQ,Would you go on a Blind Date in Italy?,23789162,547640512,2023-04-15T20:00:01Z
1WEAJ-DFkHE,World's Most Expensive Flights!,8806941,522933636,2023-04-01T20:00:04Z
Y0cBiGUuB1Y,I Sent a Subscriber to Disneyland,29976423,635492584,2023-03-30T20:00:00Z
YLt73w6criQ,I Paid A Real Assassin To Try To Kill Me,6376323,320845525,2023-03-18T20:00:01Z
NPYPXWJBTWM,$10000 Girl Scout Cookies,13634686,617388787,2023-03-11T17:00:47Z
lglIQkCHO0g,Do Men Lie About Their Height?,21385460,546439897,2023-02-14T21:00:14Z
TJ2ifmkGGus,1000 Blind People See For The First Time,10396780,209578635,2023-01-28T21:00:00Z
7IKab3HcfFk,I Survived 50 Hours In Antarctica,5782830,246099829,2022-12-24T20:59:59Z
h5NvTTOlOtI,Hydraulic Press Vs Lamborghini,5782427,261578823,2022-12-10T21:00:01Z
se50viFJ0AQ,Would You Fly To Paris For A Baguette?,57044463,1629839299,2022-12-08T20:12:27Z
0CTp1a-aCUM,100 Kids Fight Parents For $500000,4880367,322448438,2022-12-03T21:00:00Z
FD-0KG-h2-c,Gordon Ramsay Tries Most Expensive Chocolate Bar!,30209835,796269530,2022-11-19T20:59:59Z
kX3nB4PpJko,11 YouTubers Fight For Private Jet!,4925495,241548536,2022-11-12T21:00:00Z
YlvcFJOE-OE,Giving iPhones Instead Of Candy on Halloween,40486573,1577333037,2022-11-02T21:00:01Z
iogcY_4xGjo,$1 vs $1000000 Hotel Room!,7455286,415375878,2022-10-22T21:00:00Z
S_CUEOBZ0P4,The Rock Vs MrBeast For $100000,35916820,692006154,2022-10-21T20:00:06Z
gHzuabZUd6c,Survive 100 Days In Circle Win $500000,6268931,380921248,2022-09-24T19:59:59Z
65fN_OUawjk,I Hunted 100 People!,3987848,254511847,2022-09-03T19:59:59Z
jdMNoQE3mIQ,Can I Survive A Plane Crash?,4250817,226148768,2022-08-20T20:00:00Z
2isYuQZMbdU,100 People Fight For A Private Island,7107899,248433504,2022-08-04T19:59:59Z
tVWWp1PqDus,100 Boys Vs 100 Girls For $500000,4991615,282804052,2022-07-23T20:00:09Z
vaIgyRoUkQI,I Didn‚Äôt Eat Food For 30 Days,4275318,125366965,2022-07-02T20:00:02Z
Hwybp38GnZw,I Built Willy Wonka's Chocolate Factory!,6906603,362213489,2022-06-04T20:00:02Z
hD1YtmKXNb4,$10000 Every Day You Survive Prison,5619921,242984770,2022-04-09T20:00:00Z
LnlKwzc_TNA,Would You Swim With Sharks For $100000?,4180952,205177859,2022-03-19T20:02:32Z
3jS_yEK8qVI,World‚Äôs Most Dangerous Escape Room!,5579161,288347694,2022-01-29T21:00:01Z
00NgUctWoLQ,Extreme $1000000 Hide And Seek,3656665,109895847,2021-12-18T21:00:00Z
x9TQ6culXIA,World's Biggest YouTubers Fight for $1000000,3139359,103463860,2021-12-16T21:00:00Z
QbJJwaVdgIs,I Got Hunted By The Military,4816774,254855328,2021-12-10T21:30:02Z
0e3GPea1Tyg,$456000 Squid Game In Real Life!,19751226,882439245,2021-11-24T21:00:01Z
cV2gBU6hKfY,I Cleaned The World‚Äôs Dirtiest Beach #TeamSeas,5612551,133691158,2021-10-29T19:59:43Z
qIsgdOVGA04,Last To Take Hand Off Lamborghini Keeps It,4810608,198338508,2021-10-23T20:00:01Z
cExLQ1o2pDw,First To Rob Bank Wins $100000,4548379,210019857,2021-09-26T20:00:06Z
uocETPj4Jx4,Extreme $500000 Game Of Tag!,4775716,224932495,2021-09-04T20:00:07Z
zxYjTTXc-J8,Last To Leave Circle Wins $500000,7789572,537268650,2021-08-31T20:01:03Z
hxwpkM5w3Cc,I Got Hunted By The FBI,4834630,257225457,2021-08-07T23:00:03Z
ktyJIj6i4Qw,If You Can Carry $1000000 You Keep It!,3918949,255141730,2021-07-24T20:00:59Z
urtFrxDUV6c,Would You Quit School For $100000?,3690515,187641668,2021-07-10T20:00:09Z
nM89Wl03Q4g,I Survived 50 Hours In A Maximum Security Prison,4438495,290956273,2021-06-26T20:00:02Z
NZlClr_ivb4,Hit The Target Win $300000,3773692,212772638,2021-06-12T20:00:01Z
E6E22XQPhhg,Anything You Can Fit In The Triangle I‚Äôll Pay For,3645062,261071623,2021-06-01T20:00:02Z
TQHEJj68Jew,I Got Hunted By A Real Bounty Hunter,4359621,233733435,2021-04-24T20:00:00Z
WcwGleN38zE,Extreme $100000 Game of Tag!,3991492,266184841,2021-04-17T20:00:00Z
fMfipiV_17o,Would You Sit In Snakes For $10000?,5746095,371577303,2021-04-10T21:00:07Z
ayXxwJJId_c,I Bought The World's Largest Mystery Box! ($500000),5517591,289012260,2021-04-03T20:00:01Z
9bqk6ZUsKyA,I Spent 50 Hours Buried Alive,8342869,336759131,2021-03-27T20:00:04Z
DuQbOQwVaNE,Offering People $100000 To Quit Their Job,3534537,167756911,2021-03-13T21:00:02Z
vJH28ICkCdU,I Sold My House For $1,4034710,181492435,2021-03-06T21:00:02Z
_uwNDiU04zE,I Donated $300000 To People In Need,3022008,56761623,2021-02-13T21:00:01Z
C680oxL__ck,I Ate $100000 Golden Ice Cream,6124791,297264927,2021-01-22T21:00:03Z
5Fg9oZk-5uA,I Bought Everything In 5 Stores,5693902,201877814,2021-01-09T21:01:25Z
PKtnafFtfEo,YOUTUBE REWIND: 2020,5030334,73148948,2021-01-01T21:00:03Z
f0c7pSCoZqE,I Put 1000000000 Christmas Lights On A House (World Record),2997018,131978648,2020-12-23T21:00:06Z
dg2Ag3e8W-Q,I Opened A Restaurant That Pays You To Eat At It,5175618,201708345,2020-12-19T22:00:03Z
LeYsRMZFUq0,I Gave People $1000000 But ONLY 1 Minute To Spend It!,7025672,236242280,2020-12-15T21:00:11Z
Dc2ZRmuH5OM,Steal This $100000 Diamond You Keep It,3693816,228906108,2020-11-28T21:00:04Z
GLoeAJUcz38,Press This Button To Win $100000!,4821710,353467655,2020-11-14T21:00:02Z
SZQhgExjBvQ,I Survived 24 Hours Straight In Ice,4254107,181253982,2020-10-29T20:17:44Z
IoZri9hq7z4,I Uber‚Äôd People And Let Them Keep The Car,4201585,150823463,2020-10-24T20:00:01Z
vp5sSqyZ5Go,I Filled My Brother‚Äôs House With Slime & Bought Him A New One,4112673,257056949,2020-10-10T20:00:31Z
AKJfakEsgy0,Hi Me In 5 Years,7328819,145779384,2020-10-04T20:00:54Z
Vl3swga-Xrk,Would You Rather Have A Giant Diamond or $100000?,3070668,201837502,2020-09-26T20:40:02Z
UE5AHE2Ypr8,I Gave My 40000000th Subscriber 40 Cars,4848926,208305197,2020-09-19T20:00:02Z
TDiXxsQ0w2Q,Why I Haven‚Äôt Been Uploading,2790240,59259292,2020-09-17T20:00:05Z
oD155zWANQg,Get This Random Person 1000000 Subscribers,2651593,87532643,2020-09-05T20:00:17Z
s1ax8Tx_Jz0,Would YOU Rather Have A Lamborghini or This House?,4149996,229524516,2020-08-22T20:00:01Z
NkE0AMGzpJY,Last To Leave $800000 Island Keeps It,5870292,290951509,2020-08-15T20:00:02Z
FbM1yi4mMMc,I Bought A Private Island,3992013,182710653,2020-08-13T20:00:07Z
5V2B28OqfqM,I Spent $1000000 On Lottery Tickets and WON,3395213,149348199,2020-08-08T20:00:02Z
Rj_vssRaZlQ,I Ate The World‚Äôs Largest Slice Of Pizza,4844668,318583031,2020-08-01T20:00:02Z
YQDDm9HLkV4,I Adopted EVERY Dog In A Dog Shelter,5009112,272793157,2020-07-23T20:00:11Z
erQ_9yEz0ls,$1 vs $100000 Firework!,5459229,253720203,2020-07-03T21:00:20Z
OAbP-V6fEVc,I Broke Into A House,3952692,207480009,2020-06-25T20:00:00Z
_qAJMXfL6o0,Would You Rather Have $100000 OR This Mystery Key?,4216348,273051664,2020-06-13T20:00:01Z
59AYXzCa-Cs,I Built The World's Largest Lego Tower,3622096,213138847,2020-06-06T20:00:01Z
r7zJ8srwwjk,I Spent 50 Hours In Solitary Confinement,5090914,337641941,2020-05-30T20:10:08Z
YSoJPA8-oHc,If You Click This Video I'll Give My Friend .001$,7535029,226551209,2020-05-23T21:01:02Z
5Hg_QSIJm8I,I Gave $200000 To People Who Lost Their Jobs (Corona Virus),1405403,47328811,2020-05-07T19:59:59Z
gsWPpE4Rid0,Videos I Could Not Upload...,4127835,173541146,2020-04-30T20:00:08Z
HBMmK1c44sE,I Spent 24 Hours In A Doomsday Bunker,3431045,227973295,2020-04-11T20:00:00Z
oBYbxw8f5OI,Giving $1000000 Of Food To People In Need,1955895,68241797,2020-03-27T20:00:05Z
AiGKBNGlzHo,I Ran A Marathon In The World's Largest Shoes,3538239,187431548,2020-03-21T20:00:02Z
_mdKvblL_8s,$70000 Extreme Hide And Seek - Challenge,2804742,159895222,2020-03-13T20:00:04Z
yXWw0_UfSFg,Anything You Can Fit In The Circle I‚Äôll Pay For,5304434,327269515,2020-03-07T21:00:00Z
F4Y3Pkn95GI,I Ate A $70000 Golden Pizza,4476513,280919941,2020-02-29T21:00:22Z
KSKJKLmAqpI,Lambo Race Winner Keeps Lambo,2756066,150647414,2020-02-08T21:00:02Z
IYVjOfoU3uI,I Gave My Credit Card To Random People,4119516,200198438,2020-02-01T21:00:01Z
oI6aXhowFDY,Get Every Boy Scout Badge Win $10000,2314017,130193085,2020-01-25T21:00:01Z
LdMx2U5tby0,$60000 Extreme Hide And Seek - Challenge,2971324,175391069,2020-01-17T21:00:01Z
fY-LA3YaZ_M,How I Gained 15000000 Subscribers In 1 Year,897199,19739843,2020-01-03T21:10:01Z
0hVZOJCYBBM,Important Youtube Announcement (please watch),2421162,39213163,2019-12-28T21:00:06Z
Z9WQy9jEY8M,Giving 10000 Presents To Kids For Christmas,3150926,81781688,2019-12-23T21:00:04Z
bs0SWXbty18,Spending $1000000 In 24 Hours,4850567,206260180,2019-12-21T21:00:01Z
yeqARWqjkps,Last To Take Hand Off $1000000 Keeps It,3452844,148364819,2019-12-19T21:00:12Z
wMuYiLby3-s,Last To Stop Riding Bike Wins $1000000 (Part 4),1505551,68470095,2019-12-14T20:59:57Z
NbaWrbJDr48,Last To Leave Toilet Wins $1000000 (Part 3),1964787,104372550,2019-12-07T21:11:07Z
sfv1QaRzJg8,I Ordered Pizza And Tipped The House,4404270,157718096,2019-12-05T21:00:02Z
RwnN2FVaHmw,Last to Stop Swinging Wins $1000000 (Part 2),2382201,147000911,2019-11-30T21:00:03Z
X1jMMFOqxEw,$50000 Game Of Extreme Hide And Seek - Challenge,3118475,167942886,2019-11-28T21:00:01Z
ORUX1lHbOa8,I Opened A FREE BANK,3043188,128099487,2019-11-23T21:00:17Z
LU_xVr4b2qM,Going Around A Ferris Wheel 1000 Times Straight,2626298,132685862,2019-11-16T21:00:47Z
tQ4m4zD7BBA,Last To Fall Wins $1000000 (Part 1),3169460,168559830,2019-11-14T21:00:31Z
D9lVNzyhYnc,Surviving 24 Hours Straight In The Bermuda Triangle,4457621,263729435,2019-11-09T21:00:55Z
jokVbbLqV_E,I Spent $100000 On Lottery Tickets And Won!,1433909,58041217,2019-10-31T20:00:02Z
HPJKxAhLw5I,Planting 20000000 Trees My Biggest Project Ever!,4549058,117315450,2019-10-25T19:01:01Z
Ims5p6wjW9s,Last To Take Hand Off Boat Keeps It,2155206,136280067,2019-10-19T20:06:01Z
anFxsa5jXrE,I Searched 100 Dumpsters Here's What I Found,3188098,230454703,2019-10-12T20:10:01Z
QxGVgXf_LNk,Going Through The Same Drive Thru 1000 Times,5208399,309521603,2019-10-05T20:00:08Z
al6130OD1Ck,Donating $100000 To Random Streamers,1910944,66935160,2019-09-28T20:29:58Z
d1010B3sKNQ,Surviving 24 Hours Straight In A Rain Forest,2714299,144614941,2019-09-21T21:00:00Z
NS3hse9ezik,Last To Leave Ramen Noodle Pool Wins $20000,1602437,78044325,2019-09-13T20:00:05Z
npDey6_9YRs,Anything You Can Carry I'll Pay For #2,1745478,90984662,2019-09-06T20:00:00Z
0NGWT9COcEI,I Gave My Brother 24 Hours To Spend $100000,2584533,107688189,2019-08-31T20:00:01Z
3LLnjRLrvLU,I Opened A Free Car Dealership,3534096,152927529,2019-08-29T20:00:00Z
bTrV5v7GLcQ,Last To Leave Pool Of $20000 Keeps It,3359929,186797547,2019-08-24T20:00:01Z
lBYC4_Lccjw,Surviving 24 Hours On A Deserted Island,3659440,211866242,2019-08-22T20:00:07Z
gL6iSCSHjco,Last To Leave Roller Coaster Wins $20000 - Challenge,3064391,166850819,2019-08-17T20:00:00Z
UQtltNZ_pjs,I Won Every Prize At A Theme Park,3030228,187406160,2019-08-15T19:59:59Z
0DaMUhgcAqo,Destroying My Friend's Car And Surprising Him With A New One,2865155,115127482,2019-08-10T20:00:00Z
TOcGSwJBPMQ,I Spent 24 Hours Straight At Area 51,3979624,191300786,2019-08-02T21:00:01Z
ws694xrKopA,Can 50000 Magnets Catch A Cannon Ball?,2218461,134957296,2019-07-20T20:00:02Z
UtnsWzaoRtg,World's Largest Game Of Dodgeball,1712503,93377688,2019-07-12T20:05:00Z
6wsFjjhZPJI,Last To Leave Revolving Door Wins $50000,3700439,169383147,2019-07-02T20:00:01Z
Rmf6T_Ewt38,Tipping Waitresses With Real Gold Bars,1824417,70807663,2019-06-21T20:00:01Z
n6qc4LHN2KQ,I Opened The World's First FREE Store,2386314,97094390,2019-06-15T20:00:00Z
2eFSU7TFOnk,Spending 24 Hours On Top Of A Mountain,4064357,228555908,2019-06-13T20:00:01Z
RCvnytndd9c,Last To Leave VR Wins $20000,3294737,169235445,2019-06-08T20:00:01Z
AA-VpIj8F5Y,Last To Stop Running Wins $20000,2386905,123326038,2019-06-06T20:00:00Z
fWcSBWadolA,Paying People $10000 To Eat Ghost Pepper,1118112,40921399,2019-06-01T20:05:01Z
YyhKdOCwD7s,24 Hours In The Most Haunted Place On Earth,3137391,152506467,2019-05-30T20:07:01Z
ha4tRQwKIUg,I Bought Everything In A Store - Challenge,4339723,165671305,2019-05-18T20:05:02Z
xRwy_rKc7gI,Last To Leave World's Largest Bowl Of Cereal Wins $10000,3463653,258190366,2019-05-15T21:05:01Z
H1WBdh56Vq4,Spending 24 Hours In A City With No Laws,3010364,187076248,2019-05-07T21:00:01Z
xhIYirjB4Yc,Giving $10000 To Random People And Saying Nothing,1857553,83563861,2019-04-30T20:00:06Z
HfJMs4mrSJM,Molten Lava Vs Giant Ice Block Experiment,1858470,100496957,2019-04-27T20:00:02Z
tYHTVjfShOA,Anything You Can Carry I'll Pay For Challenge,1791101,93603077,2019-04-20T20:00:03Z
JTQcIR2ZxU4,Homeless Man Buys A Lamborghini,4335793,200083637,2019-04-18T20:05:00Z
xpNeg0hPZIs,Playing Battleship With Real Ships,1012630,38489158,2019-04-06T20:05:58Z
9yrdFAJUSaU,Donating $100000 To Shroud In Real Life,875479,32377370,2019-04-04T21:05:59Z
i2O6GMpNWGo,Last To Leave The Tesla Keeps It Challenge,2081930,121054500,2019-03-29T21:05:00Z
Y6jC6VaO3j0,Donating $100000 To Streamers With 0 Viewers,3535194,108800241,2019-03-24T20:00:04Z
Ooke4YZv8Ts,Surviving 24 Hours Straight In A Desert,3391899,184741142,2019-03-16T20:05:00Z
ZV7rU6lnAKQ,$200000 Youtuber Battle Royale,1739422,56485491,2019-03-12T22:00:00Z
iUzi5JmJNWc,Surprising Strangers With 100 Zombies - Experiment,1791621,61432139,2019-03-03T22:04:59Z
9cCpZl8euLI,I Gave A Homeless Man A Home,2226836,87209574,2019-02-28T22:06:00Z
I046_n20d3s,Standing Still For 24 Hours Straight - Statue Challenge,2043762,124975193,2019-02-22T22:05:59Z
2nd73lyvq4w,Giant Monopoly Game With Real Money,2485414,134931334,2019-02-15T22:05:00Z
nuM0Z4a7kMs,I Spent 24 Hours Straight In Insane Asylum,2355057,123333478,2019-02-10T21:05:00Z
qPBtTPJHS0Q,I Advertised Pewdiepie At The Super Bowl,1246529,45211696,2019-02-04T22:00:01Z
A-vX1AGBGsc,Pass All 12 Grades Win $10000,3529381,231386478,2019-01-31T22:05:00Z
IiW2smvEcBM,I Opened The World‚Äôs Cheapest Store,1144568,41703610,2019-01-26T21:05:00Z
q6Qw8mUVTrE,I Put 10 Million Legos in Friend's House,1721121,117213566,2019-01-18T22:04:59Z
dBxOYE2j55U,Make This Video The Most Liked Video On Youtube,30249950,155139642,2019-01-16T22:05:01Z
984NGLLYDUg,20000 Magnets Vs A Car,770105,34457350,2019-01-14T22:05:00Z
7zi0bi-RDj4,Eating A $10000 Golden Steak (24k Gold),2437967,161632726,2019-01-11T22:05:00Z
XaxhLbxZ13k,Last To Take Hand Off House Keeps It!,1678653,100874581,2019-01-08T21:05:00Z
L8nh1wuXTbI,I Gave Him One Hour To Spend $100000!,1645130,83139977,2019-01-01T21:05:01Z
9-HphHIJS9c,How I Gave Away $1000000,488843,14565822,2018-12-25T21:05:01Z
rPXmbM2UEbU,Giving $100000 To A Homeless Person,1024380,31560971,2018-12-23T21:00:01Z
sESRuTyfsEk,I Spent 24 Hours Straight In Prison - Challenge,2116167,119415372,2018-12-19T21:05:02Z
QapO3maXd9k,Donating $10000 To Pewdiepie,1728836,47390917,2018-12-16T21:05:02Z
71VpdDb8e6U,Last Youtuber To Leave Wins $100000 - Challenge,2162824,106285419,2018-12-12T21:00:02Z
Su34c5Z8DW4,I Put Millions Of Pennies In My Friends Backyard,2847031,188411893,2018-12-08T21:05:02Z
e5DqdX-7_g4,Surprising TFue With A Fortnite Battle Bus In Real Life,1891064,103089271,2018-12-07T22:11:00Z
9vB-48kHbBU,I Built A Giant House Using Only Legos,1036933,65236815,2018-12-02T20:05:01Z
3ix_gbcubTo,Last To Leave Slime Pit Wins $20000 - Challenge,2413307,150435125,2018-11-30T21:11:01Z
mGIpOtncmSM,Saying Pewdiepie 100000 Times,1690276,26648505,2018-11-25T21:07:01Z
VqnQ-0q2gb4,Destroyed Friend's House And Bought Him A New One,1130387,43898208,2018-11-24T21:06:01Z
3TflpIllQHY,I Put 100 Million Orbeez In My Friend's Backyard,5358248,245482069,2018-11-22T21:08:01Z
1SwVSTKFCsc,Spending $40000 In One Hour Challenge,931771,44898705,2018-11-17T21:06:02Z
ZPuEUe_8SRM,Giving My 10000000th Subscriber 10000000 ___,815743,29877275,2018-11-13T21:05:04Z
gKVZz4kcuns,$10000 Games Of Rock Paper Scissors,512870,18635833,2018-11-04T21:05:02Z
xBP9EUQIkNs,You Pick The Right Cup You Win $100000!,974947,36306086,2018-10-28T20:06:01Z
qZNxvnQv0h4,I Bought Every Billboard In My City For This,1315182,38840349,2018-10-26T21:06:02Z
uE6gud1voDs,Ordering Water Then Tipping $30000,1200866,45988551,2018-10-23T20:11:02Z
f0M64XpmTz8,I Spent $50000 On Lottery Tickets And Won ____,746493,31394814,2018-10-19T21:05:02Z
Gz3yak1cl-8,Last To Leave Circle Wins $10000 - Challenge,1671656,98174185,2018-10-12T22:05:04Z
9GD6hbqu2oM,I Spent 24 Hours Straight In Slime,936682,44038142,2018-10-09T20:05:02Z
GUWGsIVEMSQ,Surprising Tfue With $10000 Live - Fortnite,1535796,75055963,2018-10-04T20:07:01Z
wDqJZ_2ZA3A,I Spent $30000 On Lottery Tickets And Won ____,426104,17361578,2018-09-28T21:05:00Z
RywkkwO78m8,Flat Earth PROVEN By Independent Research,794590,28763017,2018-09-22T20:05:01Z
P4qWhSZ7_WA,Things That SHOULDN'T Be Sold On Amazon,2304246,152514621,2018-09-21T22:06:01Z
UlUcwJc5nBs,Surprising My 8000000th Subscriber With 8000000 ___,585120,37399828,2018-09-19T20:05:01Z
qAW6CE7_bFM,I Donated $25000 To Random Kids Streaming Fortnite,1317144,65649995,2018-09-14T20:09:01Z
tBEBc4KQVsU,I Hope This Magic Trick Works,717757,43673237,2018-09-11T21:13:59Z
q0OK-zHnvnA,Can A Glowing 1000 Degree Sword Slice A Car In Half?,1140668,70004858,2018-09-06T21:09:00Z
bFZdU9dr4OM,Rocket League In Real Life!,541467,28814099,2018-09-01T21:08:58Z
nd-bwvNB7YA,Destroying My Friend's Car And Surprising Him With A New One - Slime,2492762,121517831,2018-08-28T22:08:59Z
6_im_hGxGRk,Spending 24 Hours Straight Under Water Challenge,3577363,145576077,2018-08-24T22:09:00Z
b91vrgVY-ZQ,Attempting The Impossible Maze - $10000 Challenge,1009712,57094958,2018-08-15T21:08:59Z
52ubXjlVzUY,Donating $100000 To A Random Fortnite Streamer,1112262,53476245,2018-08-05T22:00:00Z
XHb7g6yuGgE,Moving 10 Pounds Using ONLY Sound,1211547,45830944,2018-08-02T21:09:00Z
rH1D_3G56DY,Returning Destroyed Rental Cars Prank,622016,37416851,2018-07-27T21:09:00Z
-0zoWMSEOGg,I Gave My 6000000th Subscriber 6000000 ____,394747,17740206,2018-07-25T21:11:00Z
WRzIuC2MKOU,Can 1000 Fans At Max Speed Push A Car?,621004,28817030,2018-07-17T21:41:02Z
foLlul8Tl3E,I Donated $50000 To Ninja - Fortnite,2145424,98481129,2018-07-14T21:06:00Z
3iaDrpKdaIc,I Ubered Random People In A Tank,864181,30227865,2018-07-11T21:16:00Z
qrIh-ZHN4-E,World's Hottest Substance Vs Coldest Substance,1779480,96803688,2018-06-30T21:09:00Z
mpZWt5pGKZ8,The Real Way Dinosaurs Went Extinct,806421,29568158,2018-06-28T21:12:01Z
vbph9F_pRNI,I Donated $1000 Every Time She Blinked - Fortnite Streamers,640306,21870398,2018-06-24T21:10:00Z
wbzD04leeLI,Do Water Repellent Shoes Actually Work?,2002087,132228473,2018-06-22T22:11:00Z
MC5h-ShR-S8,We Drove 3000 Miles For The World's Best Burger,1223327,54963000,2018-06-09T21:13:59Z
dp8IaLrZpGs,I Gave My 5000000th Subscriber 5000000 ______,292938,11355720,2018-06-08T22:36:59Z
97Gh93Daio0,I Made Money Grow On Trees,431128,17377116,2018-06-01T22:09:00Z
t4OumncEiKo,I Took Apart My Friends Car And Put It In His Room,315875,15908092,2018-05-25T22:41:59Z
Ejou8aa5eZk,How Many Rubber Bands Does It Take To Snap A Safe?,913361,37401288,2018-05-22T22:14:01Z
ehEuczQUh8E,Pulling Cars Over Using A Toy Police Car,543129,24774362,2018-05-13T21:10:01Z
uBC7805Smsg,I Gave $500000 To Random People,453249,15227887,2018-05-11T22:40:59Z
d8pJkuSp1iI,How Many Toy Cars Does It Take To Pull A Real Car?,761826,41346318,2018-05-04T22:08:58Z
dFr5YQaQQdo,I Gave $20000 To People From An Ice Cream Truck,347278,14806725,2018-05-02T22:11:00Z
xBLxMfO3pDw,$10000 Ice Sculpture Vs Flame,504207,23924764,2018-05-01T22:09:00Z
d7QmQtNwhcU,Can 1000 Rolls Of Duct Tape Stop A Car??,546511,26991902,2018-04-30T22:09:00Z
NZR4WEjpOQg,Winning A Game Of Fortnite In The Middle Of The Ocean,781587,31509094,2018-04-25T22:09:02Z
vETSAZgfDP4,I Flew Using Only Balloons AND Leaf Blowers,653152,32826563,2018-04-23T22:09:02Z
zE3FLbpu9-Q,I Donated $40000 To A Random Twitch Fortnite Streamer (world record),630934,24593148,2018-04-21T21:07:02Z
Izmibu7dxcs,Destroying My Friend's Car And Surprising Him With A New One,627306,39268119,2018-04-13T22:21:00Z
2Pvt8awds44,Walking Up To Random People With 100 StormTroopers,502609,20153328,2018-04-11T22:09:01Z
n9BbAfbsyj0,I Donated $10000 If They Said This Word (Twitch Streamers),554995,20134267,2018-04-04T22:19:00Z
WZ2rYlVxt4g,Giving My 4000000th Subscriber 4000000 Cookies,342353,13397016,2018-04-02T22:09:01Z
CWK6an4mYL0,I Tipped Waitresses $20000,355755,14995571,2018-03-30T21:09:03Z
VwWV4JelEzY,Walking Into Random Stores With 100 Dinosaurs,895729,33727570,2018-03-22T22:43:02Z
koRKIlRQj4g,I Built A Mansion Using Only Cardboard Boxes,574746,25899098,2018-03-20T22:50:00Z
XKFKPQHdWRI,Breaking Glass Using Only Megaphones,1405697,54366065,2018-03-17T22:22:47Z
yuGEB4ZZdUQ,Tying My Shoes In Every State (World Record),453722,18159807,2018-03-16T22:09:02Z
szt8xabJoSo,Donating $10000 To Fortnite Streamers If They Win,273726,11381459,2018-03-03T23:21:02Z
Fbl3E_XCQfA,Trying To Fly Using Only Leaf Blowers,428675,18441794,2018-03-01T23:09:03Z
Pe3pGsCeYXg,Giving 3000000 Pennies To My 3000000th Subscriber,235466,8859606,2018-02-22T23:14:03Z
yzGmnjDFuZE,I Donated $30000 To My Favorite Twitch Streamer (ninja),859045,36792838,2018-02-21T23:19:01Z
l_huIWJBhJM,I Bought An Expensive Car Using Only $1 Bills,1077222,37688821,2018-02-13T23:10:01Z
7ALCsEyn3mg,I Bought The World's Most Expensive Apps ($10k),761183,27106932,2018-02-08T23:35:00Z
CvMRiR4k49Y,We Delivered 100 Pizzas To Random Houses,228165,9211933,2018-02-02T23:12:01Z
g2rbhIB-ITM,I Donated $30000 To A Random Twitch Streamer (world record),1053153,32906746,2018-01-28T00:11:02Z
nLpqZEAFnkE,I Bought A Car Using Only Pennies,720420,26630400,2018-01-25T23:10:03Z
sirrTXiPFmw,I Bought One Snickers Bar From Every Walmart,1119982,45057940,2018-01-13T23:15:01Z
nRkwuTOESCc,Donating Big Donations To Twitch Streamers!!!,580753,27763218,2018-01-11T22:37:00Z
AS6WMS_Bemg,I Can't Believe I Found This Stuff On Amazon..,1191132,31325087,2017-12-22T23:19:10Z
wMn8d7IeCYM,"Saying ""Keep Net Neutrality"" For 10 Hours",84518,2417236,2017-12-17T20:37:34Z
BMZP4CtphaU,Life Hacks You Need To Know,201714,7400667,2017-12-08T22:49:10Z
93s1JECSy60,Giving My Mom $100000 (Proudest Day Of My Life),1533216,32063180,2017-12-02T21:10:08Z
YR6Wh2Zy9jE,2256 Miles In One Uber Ride (World Record),1112303,43754105,2017-10-28T22:30:00Z
5PCxQSMOl3o,i'm really sorry,204875,5951873,2017-10-26T21:30:00Z
5qzAVMe_SnM,Hi Me In Two Years (Made Two Years Ago),600645,13774037,2017-10-04T21:30:00Z
zAAXW7ySu1k,Tipping Uber Drivers $10000,127956,4665496,2017-08-30T22:40:02Z
sx5k8xd_VoU,Going To The Connor McGregor fight!,229779,6125446,2017-08-28T20:31:04Z
uotb9ZHnI2g,Tipping Pizza Delivery Guys $10000,700696,23149146,2017-08-23T21:44:24Z
nPlqRbVFBHI,Microwaving my iPhone what happens next might shock you..,123596,2792098,2017-08-20T19:37:51Z
_FX6rml2Yjs,Saying Logan Paul 100000 Times,930973,23629667,2017-08-19T14:00:58Z
kupaqq-xJ_8,Donating $10000 To Random Twitch Streamers,226607,10870979,2017-08-15T19:20:09Z
4KVmSG6KS2k,Giving Homeless People $1000 (Not Clickbait),229249,6654962,2017-06-28T22:00:02Z
Lx9fRu5ehFo,We Are Better Than Dude Perfect,667402,27641099,2017-06-24T18:40:12Z
ZJwX2jTXWwQ,Watching It's Everyday Bro For 10 Hours Straight,820854,28295134,2017-06-17T21:06:02Z
N_GMakKf7G4,Giving A Random Homeless Man $10000,563451,11325621,2017-06-15T23:10:02Z
63gyUQ_JeOE,Toothpaste Life Hacks YOU SHOULD KNOW,498337,19782911,2017-06-13T22:30:01Z
IZVbzNRUlQI,Reading The Longest English Word (190000 Characters),818905,35724900,2017-06-02T22:00:01Z
8D3vI1615K4,Fidget Spinner Vs Face (Legit Had To Get Stitches),1670341,44388423,2017-05-02T23:30:00Z
igVcy5dtN80,Grilling A Microwave Microwaving A Microwave Microwaving A Toaster Toasting An Iphone Watching Micro,72501,2145253,2017-03-30T22:10:41Z
dEOlvTqYUNo,#1 MOST INSANE MAGNET LIFE HACK EVER,521156,26301491,2017-03-24T21:40:17Z
AS5CxLCWq-Q,Watching Dance Till You're Dead For 10 Hours,2615383,54674016,2017-03-21T22:40:12Z
jtOalDNVrKM,I Can't Break My Strange Addiction,95683,1955039,2017-03-19T21:45:07Z
dDYP56hEYF0,OMG! INSANE CUP FORT,96323,4157745,2017-03-14T22:40:01Z
iengNekeTNo,Reading The Youtube Terms Of Service,19802,571996,2017-03-07T23:10:02Z
rqUvnLPvbrM,Reacting To The Reaction Of The Reaction To The Reaction Of The Reaction Of The Reaction To The Reac,322631,7726362,2017-02-22T00:00:04Z
9CVwXBYVqVk,Counting To 200000 (Road To A Mil),155159,4076055,2017-02-18T00:00:03Z
i8pmk5xnO2s,Microwaving Dry Ice (Microwave Explodes),96778,3355108,2017-02-09T22:29:35Z
xWcldHxHFpo,I Counted To 100000!,1503585,32488778,2017-01-09T00:00:39Z
YH1-fDzHHpo,we are number one but every one is a bad intro,56339,1989251,2016-12-25T00:00:00Z
ntlG5XgYg4k,Microwaving A Microwave Microwaving A Toaster,89479,4967042,2016-12-23T00:00:04Z
Qy17S3g8ZuY,HOW TO UNLOCK ANY IPHONE WITHOUT THE PASSCODE,581799,23153143,2016-12-21T02:00:00Z
PJyWmlWNor8,WHY DO THEY SELL THIS ON AMAZON?,716416,8847970,2016-12-18T02:00:04Z
KzwTYZ2W3ZA,Microwaving A Microwave,439417,11825045,2016-12-09T02:45:18Z
9fa_JYTPZ2Y,IF YOU ONLY SEE ORANGE YOU'RE COLOR BLIND,93060,1842324,2016-12-05T02:21:43Z
t1BWMa8btIw,I Mailed Myself IN A BOX & it REALLY WORKED! (Human Mail Challenge),454591,16515919,2016-11-30T02:31:18Z
2O8wta4FsD4,STUPIDEST PERSN ON EART (Really Dumb),183835,2533064,2016-11-28T00:01:52Z
dSDBr0WjrwQ,"Reading The Entire Bee Movie Script But Everytime They Say ""Bee"" I Repeat All the Previous Bees",216202,11008662,2016-11-25T01:43:37Z
DbC9CauTXoM,THE WORST THINGS EVER TO EXIST,327468,3805881,2016-11-19T00:40:47Z
yhNcDBnQsEY,BLOWING UP $1000 KEYBOARD *RIP WALLET*,226042,3885369,2016-11-11T23:02:10Z
Wyyqz3OxB5c,MY $1000 KEYBOARD CHANGED MY LIFE,353934,13448517,2016-11-03T21:32:53Z
KO8B2kw_Jxs,I BOUGHT A 1000$ KEYBOARD,38412,1634767,2016-10-25T21:06:50Z
NEDPgQYhbqs,IF ONLINE ADS WERE REAL,577862,9899780,2016-10-16T20:30:00Z
RPcXg2-0ejw,Bleach Bottle Flips (COP CALLED),55377,1243885,2016-10-09T20:06:23Z
jhYG5BStQSk,Hi Me In A Year (Scheduled Uploaded A Year Ago),56537,1771109,2016-10-04T21:00:01Z
wTIPpjUgAFE,Epic New Gaming And Youtube Setup 2016,15170,421490,2016-09-30T22:32:04Z
Fzh65vCyHWQ,24 HOUR EXPLOSION GIVEAWAY! WIN GIFTCARDS,35290,838606,2016-09-05T22:31:58Z
vBp0bzVr09s,LISTENING TO OLD VOICEMAILS FOR THE FIRST TIME,11831,390389,2016-08-28T21:00:01Z
AXjdI_LHWJU,GAMBLING MONEY WITH SCRATCH OFF TICKETS,59732,3095169,2016-08-26T22:30:01Z
dJCsc_Cq9i4,BEST WALMART TOILET PAPER FORT,50860,1478394,2016-08-24T21:00:01Z
bqpKlkPpT10,100 LAYERS OF SARAN WRAP + TOILET PAPER!!,139297,3356954,2016-08-23T21:01:56Z
TIIU1ivhLKs,WORST REVIEWS ON AMAZON #4 *FUNNY*,124548,1659124,2016-08-21T21:17:07Z
G4qOiwIE_o0,HOW MUCH MONEY DO YOUTUBERS MAKE?,152051,3149118,2016-08-14T20:20:03Z
yozl6enFC-w,THE WORST SONG ON YOUTUBE *CRINGE*,42183,846619,2016-08-08T20:00:02Z
LP_mGU3CgXk,SURPRISING MY BROTHER WITH A LAPTOP,127779,1926927,2016-08-07T19:35:12Z
DoIQMkoYSzw,SELLING ORGANS FOR $1000000,120922,3621335,2016-08-02T20:02:21Z
e-If_d_bzfI,POKEMON GO STEREOTYPES,64279,2289470,2016-07-14T17:36:53Z
5J6-5g2alp8,100000 SUBSCRIBERS.EXE,81850,1527392,2016-07-08T20:00:00Z
qjGNBluF6_I,WORST REVIEWS ON AMAZON #2 HOW IS THIS LEGAL?,45994,1203343,2016-07-02T20:30:01Z
TLoDwqQF5ug,BLOWING UP MY TABLET,7608,182790,2016-07-01T20:30:01Z
uAFGIQPWL54,Worst Reviews On Amazon #1 (Minecraft Edition),17287,720214,2016-06-26T21:24:27Z
SaDDjW9Rw-M,WORST THUMBNAILS ON YOUTUBE #3,35134,926995,2016-06-21T20:01:20Z
CHdy9wND1jo,REACTING TO MY OLD MINECRAFT VIDEOS (HORRIBLE),35713,1349970,2016-06-19T20:36:36Z
9LiS_3HEErU,HOW TO MAKE A GOOD INTRO FOR YOUTUBE,6134,189951,2016-06-14T20:51:19Z
hRj5qNfkdO0,WORST BANNERS ON YOUTUBE #1,18931,680645,2016-06-13T21:13:33Z
ocruJKe2tFk,50000 Subscribers.exe,22856,582850,2016-06-11T21:01:16Z
MgRMNzKknto,Dude Perfect 4.0 - We Are Totally Better,13053,436924,2016-06-06T21:01:41Z
XW1TsAVdXsw,BEST INTROS ON YOUTUBE #1,814216,28530987,2016-06-01T20:42:11Z
Qhdj_Umh1IE,Motivation For Youtubers #6 LAST ONE,6471,164752,2016-05-24T15:00:01Z
fN_RQFqaGHI,How Many Licks Does It Take To Get To The Center Of A Tootsie Pop?,12266,393985,2016-05-19T21:00:01Z
hC3xW8xeCDs,Motivation For Youtubers #5,9003,207624,2016-05-15T21:00:01Z
xGJEPTCw9GU,18th Birthday QNA - Mom's Hair Dryer Age?,15662,401907,2016-05-07T21:00:00Z
FmjsePPBbdU,WORST MEMES AND TRENDS ON YOUTUBE!,13028,647719,2016-05-01T21:00:00Z
lMLEcUXz6T8,Cereal Commentary,5668,177034,2016-04-28T00:36:58Z
BKJy7BFP3Is,WHERE IS MY COOKIE?????,12477,127679,2016-04-24T21:31:29Z
1gfgZhW3YgU,How Much Money Do Big Youtubers Make? (Pewdiepie Markiplier etc),4786,123805,2016-04-22T21:02:56Z
VXmKt_1T0QM,Struggles Of Being A Youtuber,5609,152178,2016-04-19T21:30:01Z
6XCUHLhdnEY,Reenacting Youtubers,7173,191154,2016-04-16T21:32:25Z
ttWTSskmxTA,Life Before And After Gamma (Insane) @GFuelEnergy,2365,60588,2016-04-13T23:08:34Z
5bCyFf8lSfk,Worst Thumbnails On Youtube #2 - Cringe,10258,293081,2016-04-10T22:00:00Z
ngVEpJs5A5s,Motivation For Small Youtubers #4 - Inspiration For Youtubers,7368,156942,2016-04-08T00:11:29Z
zjC48c3ptt0,Scheduled Uploaded 6 Months Ago (REACTION),5226,146932,2016-04-06T21:02:02Z
rS2sntC-lJI,Dude Perfect 3.0 - We Are Better,21505,734344,2016-04-04T21:30:00Z
fG1N5kzeAhM,Dear Future Me (Scheduled Uploaded 6 Months Ago),137356,2478420,2016-04-04T19:30:01Z
vT_gRRMjDi0,$100 GIVEAWAY PRANK (NO WEAPONS INVOLVED),1879,71136,2016-04-03T21:00:00Z
dfcPUqiivDY,GIVING AWAY $100 ITUNES GIFT CARDS,4661,162182,2016-04-01T20:45:18Z
zCR6DJX7Kak,Walking Dead Daryl DIED (Fan Reaction To Death),5104,182048,2016-03-28T02:10:15Z
4cX-w-ia0RU,Why Do Youtubers Ask For Likes?,12063,180329,2016-03-27T21:50:19Z
2nVjy-zd65Q,Making My Background More Epic,2530,60603,2016-03-26T21:00:00Z
xlzpD4GeBW0,Doing Youtube For Fun Or Views?,2589,60629,2016-03-23T23:51:29Z
8ZTy3K2QgOY,Pranks That Went Horribly Wrong,90298,2170217,2016-03-19T21:00:00Z
k9zko79_3_I,Who Founded Faze? Who Created Faze Clan?,72987,2060674,2016-03-18T00:23:07Z
fYnPyLfxSJg,Subscriber Goals For 2017,2924,85516,2016-03-09T23:35:32Z
pBH_QL4JGcI,20000.00,6313,212426,2016-03-08T00:35:01Z
1wtFD9zSQO8,The Dreaded Unanswerable Question,5173,204841,2016-02-29T23:56:41Z
VqhjiwmGNKA,WORST THUMBNAILS ON YOUTUBE,24733,627682,2016-02-28T20:48:25Z
EhZ9gHZOZT8,Beast Goes Camping (Didn't Go Wrong) (Didn't Go Sexual),5331,219149,2016-02-20T23:07:55Z
LHtkve6-O0g,NBA Interviews Gone Wrong (No Gun Pulled),2032,71428,2016-02-20T14:56:51Z
m3Ol8zn7brk,Movie Trailers Be Like,4605,118488,2016-02-15T18:31:34Z
qBiZA4QDsj0,What Is Youtube Red? Should I Buy Youtube Red?,3901,112987,2016-02-10T23:42:47Z
NeOrh4GnPZ4,Things I Hate #2 - Youtube Edition,7720,178935,2016-02-09T01:26:28Z
fWhfOAuOqjY,Super Bowl Commercial 2016 Cost - How Much Does A Commercial Cost In 2016 Super Bowl?,2574,100379,2016-02-07T18:20:40Z
9Ax56oRhcZc,Counting To 10000 In One Sitting,712595,68416339,2016-02-01T00:27:55Z
-cWVrFABWHw,HOW TO MAKE A VIRAL PRANK VIDEO 100% LEGIT,6085,177013,2016-01-26T21:38:09Z
z7qtJAAV5d0,Is Obama Dead? Dumb Google Searches!,4717,231669,2016-01-24T00:21:47Z
9pk-neTrDoM,How To Be MrBeast (Made By Really Old Subscriber),2921,73216,2016-01-23T19:46:56Z
JQscW6DfNZY,Should You Play Video Games?,4322,102000,2016-01-22T17:04:58Z
9smE_EiKJ8Q,School Is A Waste Of Time,5851,137002,2016-01-21T22:45:37Z
hfaPkoXeYfU,Is Michael Bay My Dad????????,2432,80130,2016-01-18T21:46:21Z
u0hHxeWkB_o,Lottery Taxes - How Much Tax Is If You Win The Lottery,3664,137922,2016-01-16T19:25:35Z
64WGWubQO3I,Motivation For Small Youtubers #3,9491,186488,2016-01-12T00:57:36Z
QJUs6CSRCFU,Giving Away Two $15 Gift Cards (forgive me boyz),3169,60579,2016-01-10T23:32:03Z
Om4c4ilT_6g,Do Dislikes Matter On Youtube - Are Dislikes Bad Or Good?,23750,385138,2016-01-07T22:19:01Z
GbOfxRfHdeg,How To Get Active Subscribers On Youtube? Tips 2016,4535,98192,2016-01-05T22:05:42Z
yzxYCRDcGDs,Reaction Channels Are Stupid??????? #JCTG,2212,78057,2016-01-05T01:49:06Z
PCakYf_PnT0,Goodbye Laptop,7010,171771,2016-01-01T23:49:09Z
8nv_ltg4RAg,2015 Year Highlights,2645,78129,2015-12-30T20:18:43Z
VvphlSvCyj8,MrBeast Rest In Pepperoni 6000,5927,227312,2015-12-27T20:15:59Z
JP3v6UxI124,How To Think Of Good Video Ideas (Tips),8234,133640,2015-12-26T17:38:52Z
jRURlbRAUhI,Whats That Song Name?,7570,198609,2015-12-24T17:01:11Z
I_3R9YGFlHE,The Anti-Beast,30561,975638,2015-12-23T23:51:22Z
xjJJ_wDlc1E,Reacting To Family Accounts (MamaBeast MrBeast'sLaptop Etc),20515,948219,2015-12-22T22:30:23Z
cqirhwhq_qM,Do Youtubers Pay Taxes????? (USA),4544,115838,2015-12-19T19:21:52Z
3IQdDBwc42o,Why Does This Video Have No Thumbnail?,4196,105566,2015-12-15T01:43:00Z
4YHnf3YepwU,Totally 100% Real Epic Ping Pong Trickshots,4483,104014,2015-12-11T22:00:01Z
uxzBq4Y_fNw,Exams Be Like,15027,527083,2015-12-10T00:15:18Z
HIhUkvAG0o4,How Many People Have A Silver Play Button????,13441,500959,2015-12-08T22:22:47Z
cpI5lCaqZcQ,How To Get More Views And Subscribers On Youtube (2016),3501,79056,2015-12-03T21:00:00Z
6zQhLOw1nw8,Should You Do COD Commentaries In 2016????,1463,61300,2015-12-02T23:51:26Z
mfvi_jgdVqE,THINGS I HATE #1,16072,500066,2015-12-02T01:20:16Z
zExxMxcoJ6A,Worst MrBeast6000 Intros?? (Fan Made!),13409,497123,2015-11-30T21:38:00Z
hD_Af6W2qug,Dear Razer Can I Have My 70$ Back?????,349040,7612905,2015-11-29T21:10:16Z
XOtTKQujlkI,How Many People Get The Golden Play Button? (1000000 Subscribers),3965,163278,2015-11-28T00:45:38Z
dRqthQ2Mc_0,Spam404 Has Terminated 5000000 Videos (Including Pewdiepie),2742,117031,2015-11-26T17:36:51Z
8TFq_vvO_Wg,MrBeast6000's First Video (So Bad lol),534515,14181773,2015-11-19T21:29:40Z
oo8ve4Ldpck,The Evolution Of My Youtube Banners,2506,78091,2015-11-18T21:16:57Z
sKn8Tbp2a-4,Shark Tank Most Successful Products Entrepreneurs Or Businesses 2015,1374,149779,2015-11-08T19:33:42Z
g0IrVKXIbmE,PSYCHO FRIEND SMASHES MY LAPTOP! (Mc Juggernuggets Parody),11812,324018,2015-11-06T00:07:37Z
2Om2M4_Kyd0,FREE TO USE BO3 GAMEPLAY - 1080p,1906,60578,2015-11-03T01:58:07Z
KaaEivIqX6M,Double Agent (Short Film),6307,176914,2015-11-01T14:33:38Z
W4gBpws7Ug8,YOU ONLY DO YOUTUBE FOR VIEWS,3573,86735,2015-10-29T21:12:15Z
NT3EkjxO8hs,10000 QNA With MUM,14577,346511,2015-10-29T00:21:29Z
syMozMiJneM,Why I Stopped Playing Video Games - Video Game Commentary,1748,68042,2015-10-25T21:20:24Z
Wt6cMjn3YLg,YOUTUBE RED STEALS CONTENT CREATORS MONEY? What Is Youtube Red?,2403,61740,2015-10-21T23:13:36Z
OEuS7fjMlMc,Millions Of Views!,33678,1062562,2015-10-18T23:15:40Z
1Pr-R2nKTY4,How To Get 1000 Subscribers On Youtube - Vlogs Gaming,4418,99431,2015-10-15T20:12:22Z
QqdUhn99E-s,High School Education Be Like (Paying Taxes),2093,64405,2015-10-14T21:10:31Z
1UygJmcHUdQ,I Got Bored Of Studying So This Happened,22437,789738,2015-10-13T01:15:19Z
g4DAFnZcCcQ,Best Microphone For Youtube (Gaming Commentaries Vocals Singing Podcast),2074,61147,2015-10-11T18:56:01Z
LTr8cXAxy1I,9k Subs - Channel Talk,4178,126139,2015-10-10T17:20:05Z
Ow3xqv7ahXo,How Much Money Does Bill Gates Make / Have - Billionaire,4258,150745,2015-10-09T22:27:01Z
TRiF8PdrIP8,MrBeast6000's Channel Trailer,126121,1652811,2015-10-08T20:00:00Z
NFZ_MtTvwm0,Best Non-Copyrighted Songs For Videos! (Intros Vlogs Gaming Trailers) 2016,2684,92016,2015-10-05T22:41:22Z
Pgxi8dsUW-o,Is Being A Youtuber Hard? Is Being A Youtuber Worth It?,4786,121923,2015-10-04T20:35:42Z
YY2-jJojnOA,Best Green Screen Lighting Ever? (Joking Obviously),14799,642868,2015-10-03T21:06:46Z
7Pogam71094,How Do Youtubers Make Money? How Do Youtubers Get Paid?,4076,136744,2015-09-29T23:16:50Z
DL0OPJ2hahc,Increase Youtube Views 2015! COMMUNITY CHANNELS - Boosting Youtube Views,1875,61695,2015-09-27T21:04:03Z
WwE0tR08OTU,Originality - A Youtube Poem By MrBeast6000,2242,61842,2015-09-26T23:04:34Z
2LIJtcI4dbg,Stupid Things People Search On Google,72304,1378916,2015-09-25T22:57:49Z
rXnaD7PU9kY,Ad Blocker For Chrome and Mobile Should You Use It?,3270,91200,2015-09-23T23:54:06Z
Ng_qwlvhrJo,PC Master Race Vs Console Peasants,2413,62231,2015-09-21T23:40:01Z
bzIPun3cVsw,Shia Labeouf Motivates Youtubers!,11435,425641,2015-09-19T22:53:26Z
miKQkeq5sbU,Knives In Video Games Cost More Than Real Life????,2213,69259,2015-09-18T23:57:02Z
Lwt_VThQIdM,Why I Sold My PS4 Not A Gaming Channel???,2295,60837,2015-09-18T00:21:53Z
P2oPACr4uuU,Selling PS4 For $250 + Elgato For $100!,1768,60857,2015-09-16T22:26:34Z
h-D6ukDcS9o,Do Tags Do Anything On Youtube?????,6135,169512,2015-09-13T20:48:10Z
mY77HA20MzA,Bronze And Platinum Play Buttons?????,32162,1380738,2015-09-13T00:23:55Z
4krBgDFycgY,7k SUBS! Smashing Ghost + AW! Plus Channel Talk!,3225,93834,2015-09-09T21:48:18Z
dpUxRIqbNlc,Exility vs Dr.Pineapplez - Misleading Contest!,4586,60579,2015-09-08T22:06:36Z
Cp431S5z8PE,6 Uses For Your Advanced Warfare Disk!,2176,60586,2015-09-07T20:40:56Z
ttLYXcza4j4,MrBeast‚Äôs Outro Song,388074,8716021,2015-09-05T20:15:02Z
3-f9DEFsh4w,Watching Video Games Is A Waste Of Time????,2000,60819,2015-09-05T16:14:19Z
vuOTP206zWM,Pewdiepie's Shoutout What Would You Do If You Won?,2149,60621,2015-09-05T00:49:25Z
J590MYm0SY8,How I Will Survive The Zombie Apocalypse!,6825,240888,2015-08-31T22:11:06Z
vGB2d5cQJpY,How Much Money Do Youtubers Make? Real Numbers!,12090,439553,2015-08-30T21:37:55Z
M94G0iKYiSM,HONEST Shout Out Sunday! Free Subscribers!,1864,60597,2015-08-30T18:06:45Z
pGYyUssWLTA,Social Media As A Job????,2225,60578,2015-08-29T18:20:31Z
j7kM8G_AjuY,Airplane Pilots Last Words Before Death,2803,155198,2015-08-28T21:56:21Z
deK-My3Of0o,How Much Do T.V. Commercials Cost?????,1641,60713,2015-08-28T01:40:10Z
oB8kFFvJdhE,How To Tweet When You're Dead! DEADSOCIAL Facebook And Instagram Also!,1975,60706,2015-08-27T10:00:01Z
X9eXa-Uzuj0,My Favorite FaZe Clan Members?????,1825,62779,2015-08-26T10:00:00Z
GxTVDClFXuc,MrBeast6000Subs,56261,916307,2015-08-23T11:00:00Z
kGaq-Qi9hoE,Youtube Networking - Aka Fake Likes Subs And Comments,3216,76257,2015-08-21T20:04:55Z
9zFfp3gzZ88,I Hate Youtubers That Ask For Likes,11258,223486,2015-08-20T19:13:03Z
mM2KwBYa-u4,My Mom Found My Channel!! :0,26203,790705,2015-08-20T01:44:22Z
WAcmsAISniQ,1080p FREE TO USE BLACK OPS 3 GAMEPLAY,1929,87186,2015-08-19T21:35:16Z
kqUT-s3a6tU,Black Ops 3 First Impressions My First Game,1741,60606,2015-08-19T02:44:52Z
NUVglXbGBfs,Dogs Opinions On Youtubers Getting BO3 Early,3143,107805,2015-08-18T20:55:37Z
T-v4b3WtPAg,BO3,36428,1452657,2015-08-18T17:07:49Z
m8qGlpcfAIw,Xbox One Destroyer? COD Advertisement Is Free,1736,61207,2015-08-18T01:08:14Z
uZPkMnv8b-o,Modern Art Is A Joke,2000,69479,2015-08-15T10:00:01Z
qVLr6SMxvJw,5 Steps To Becoming Successful On Youtube!,3665,92382,2015-08-14T10:00:03Z
4AigP5OY8JE,Time,2264,98945,2015-08-13T10:00:00Z
RMoFUeBVefA,Beast $500ish Youtube PC Great For Making Videos!,1620,89651,2015-08-12T10:00:00Z
ep7S1XnuQLU,5000 Hype,3571,166245,2015-08-11T10:00:00Z
p6bzNpgbX8Y,What Is Crohns Disease?????,7401,303003,2015-08-10T10:00:01Z
6T17licWsQ4,Leaving For 7 Days,1519,62172,2015-08-09T14:26:58Z
1s6UOlWdpw4,Motivation For Youtube - Ultimate Small Youtuber Motivation #2,7624,206481,2015-08-08T22:15:43Z
3LuchpUc7PU,Should I Buy An Elgato Game Capture??,2132,60594,2015-08-07T10:00:00Z
_f6xCA0-gAo,Fanboy Opinions On Black Ops 3,1448,60601,2015-08-06T00:58:47Z
lfD7kMZKuNg,Big Channel's Starting Over???,1624,60613,2015-08-05T10:00:02Z
ejlkNGm82w4,SAT And Some Random Stuff,1773,60588,2015-08-04T22:14:13Z
Jtj9rUqlB1Y,How Many Youtubers Are Millionaires???,2033,127773,2015-08-04T00:18:58Z
ZqzFRGH_tMQ,Always Changing My Name? Mr.Beast or MrBeast6000,4506,191115,2015-08-03T10:00:03Z
94A-bsumX9A,How Much Youtube Money Do I Make???,10436,446238,2015-08-03T02:19:22Z
gYaxI_allkQ,Am I Ian From Smosh????,14172,1154895,2015-08-02T19:09:03Z
AjXbO2XfBkE,How Do You Turn Off A PS4? Xbox Noob In Need Of Help,2181,104627,2015-08-01T21:51:25Z
ZQZzR0DUujc,New Optic Gaming Gear Coming To Advanced Warfare My Thoughts,1865,60632,2015-08-01T16:47:55Z
-V3-fhJQZkk,Youtube Collabs? Collabbing with Mr.Beast?,2271,117630,2015-08-01T10:00:01Z
QX0wvWGW2qg,Sacrifices And Youtube,2762,60584,2015-07-31T18:03:32Z
oODUkNQAzXU,5$ To Advertise Your Youtube Channel???,3162,178694,2015-07-31T00:13:08Z
2jWZtKTN6jU,Reuploading Other Youtubers Videos? Stealing Big Youtubers Videos.,1571,60777,2015-07-30T18:23:18Z
zsADECFHY8w,4k Subscriber's! First Channel Story!,3265,115705,2015-07-30T01:56:38Z
Feh8o-HmthM,People Who Got Rich From Movie Trailers On Youtube,1694,105896,2015-07-29T19:00:00Z
6Xv-LVYZQxk,Beast Gaming Set Up #almost4k,2543,93312,2015-07-29T15:31:24Z
8-0ZHJHp9g4,Advanced Warfare DLC 4 Honest Parody,1685,60876,2015-07-29T00:37:21Z
QqIG0R-KpGk,World's Worst Thieves,2221,101305,2015-07-28T17:17:48Z
qENpZBzgaUM,VANOSSGAMING IS IN TROUBLE,4029,260118,2015-07-27T22:13:05Z
4DYBVA4884Y,SpiderMan Robs Walmart?????,1677,60581,2015-07-26T19:21:24Z
skEf9R0TXkM,My Upload For ThunderstruckGaming,1508,60615,2015-07-25T22:35:54Z
CnMv_zTXZ38,Best FNAF 4 Fake Reactions! So Funny lol,2793,94971,2015-07-25T16:38:00Z
bEIK5ni_Pzs,How Many People Get The Diamond Play Button?????,18542,1820294,2015-07-25T10:00:03Z
_oZyp4mTzSQ,Supply Drops For Charity! Ep #2,2273,60601,2015-07-24T10:00:00Z
is1LSWbssuA,Best Thing To Happen To This Channel?????,1901,60580,2015-07-23T10:00:00Z
XR_q9_LEKuc,Supply Drop Challenge For Charity,2359,60575,2015-07-22T17:59:43Z
X9UiBpDHW3w,FaZe Clan Vs Pewdiepie Who Would Win?????,1280,72604,2015-07-21T18:51:04Z
PRU47AuQF2M,"FaZe Adapt ""Stuttertage""",3354,124972,2015-07-20T17:49:03Z
Y3Rxgf5_R_I,The COD Community? Sleeping With Your Mom?,1921,60591,2015-07-19T17:37:51Z
R6zuvKbvKyU,Exility And Some Other Stuff - Update Vid,11466,60600,2015-07-18T18:02:27Z
yCKe65Nvp0Q,Every Minecraft Let's Play Ever In Under A Minute,3815,126903,2015-07-16T22:00:01Z
XBe57FyB2xU,Why I deleted Today's First Upload,1575,66083,2015-07-16T17:03:16Z
zpCwHwWgbsI,What Is Spam404?????,1445,60592,2015-07-15T15:05:18Z
lh61MVUxJt0,The History Of Pewdiepie In 2 Minutes,7351,266412,2015-07-14T10:00:01Z
yWnmEPgLroQ,TWITCH STREAMERS REACT TO RECEIVING THOUSANDS FROM SAME GUY!,2267,223928,2015-07-13T10:00:01Z
eBklqeeIu10,I Hate Spam On Youtube,1997,60577,2015-07-12T19:08:52Z
SgMydsOucFg,INSANE TRIPLE LEGENDARY SUPPLY DROP! BEST OPENING YET?,0,61094,2015-07-11T20:08:50Z
jPm3hRiMKuU,Low Bridge Causes Dozen's Of Wrecks! 11-8 Bridge,2254,60579,2015-07-10T21:56:20Z
OweuuinkVZI,3k HYPE,4712,163679,2015-07-10T18:05:46Z
7Pr0HP-Trgk,How To Become A Gaming Youtuber! All You Need To Know!,2120,60587,2015-07-08T22:00:01Z
UEK0fYAqMss,My Solution For The Theft At The FaZe House - @FaZe_Rain @FaZeAdapt,1323,60759,2015-07-08T10:00:00Z
lRznKN2oPUc,5 Popular Channels That Were Terminated,4536,139243,2015-07-07T22:00:00Z
IDrS_TrjuK4,What Is Youtube Terms Of Service?????,1425,62200,2015-07-07T10:00:00Z
J1lhxfZtR3M,Do You Think You Will Be Famous?????,3310,156814,2015-07-06T22:00:01Z
b_o8cz0ZNdk,What Is Swatting? Why I hate It!,2454,102036,2015-07-05T18:08:37Z
i5dhcAxO25Q,Reddit Is In Chaos After Firing Victoria,1188,65273,2015-07-03T20:11:21Z
-o_8CDbFMJ0,Paid Promotion On Youtube Good?,1252,63585,2015-07-03T19:26:09Z
v5J1Cycn3s8,How To Gain Youtube Success,3299,97008,2015-07-02T17:10:49Z
YJiqYG-Mylk,FaZe Members Reaction's To Joining Faze,13810,621617,2015-07-01T19:56:45Z
jGE1sUTeR5g,Battle of The Beasts Round 2 Winners!,1508,60664,2015-07-01T04:02:27Z
0tZCQ25fsoI,Youtube In 10 Years?????,109277,1536321,2015-06-30T16:31:29Z
N9jTogPwqVY,The Ultimate Motivation For Small Youtubers,16425,317995,2015-06-29T17:27:21Z
yyJ7xEcENNI,How Much Does Pewdiepie Make?,3314,268764,2015-06-28T22:41:05Z
3rJgCGMPEqA,Random Stuff You Don't Care About,2205,60616,2015-06-27T23:32:54Z
7isfkomGg7o,Battle Of The Beast Round 1 Winners!,1581,60590,2015-06-23T19:49:57Z
UCYefSGBP00,The Truth About Big Community Channels,2132,60597,2015-06-22T16:32:02Z
dvdGkRK5a_0,WORLD'S FIRST BLACK OPS 3 GUN SYNC!!,1709,74234,2015-06-22T01:19:49Z
X7doE4h6W64,Insane Gun Sync - 7 Hours To Make,2266,60576,2015-06-21T12:22:34Z
GhppzOzN3MM,Battle of The Beasts Bracket!!!! (Not accepting anymore),1584,60590,2015-06-20T03:32:30Z
QkXDatNdL4U,Free To Use Advanced Warfare Gameplay! 2015,1690,60581,2015-06-19T14:07:22Z
hyt2t4r8lQ4,Battle Of The Beast Tournament UPDATE!,1961,60580,2015-06-18T23:25:47Z
-mlok5iT3GE,My Top 5 Favorite Things At E3 2015,1830,60585,2015-06-18T17:18:38Z
STvOHHgJ1sQ,Battle Of The Beasts (youtubers needed),1525,60585,2015-06-17T20:58:19Z
2-ErX5oDzwM,History Of COD Part 2! Black Ops 1 - History Of COD On Youtube!,1332,60694,2015-06-13T21:34:28Z
7ytYV-tVIvg,How Did Notch Become A Billionaire? How Much Did Minecraft Sell For?????,2787,121445,2015-06-12T17:47:14Z
ELIoOUKSOJQ,Top 10 Richest Gaming Youtubers?????,7915,274780,2015-06-11T16:42:11Z
uAoayezOaug,Markiplier Is A Great Man! Sub shodleech!,2316,228471,2015-06-09T02:56:28Z
Vr2337tCLCI,Insane Advanced Warfare Hacker!,1880,60580,2015-06-07T22:58:31Z
NV7qmqbS8tM,"What Is Considered A ""Bad Video"" On Youtube????? #karnageRC",1554,79485,2015-06-07T21:38:42Z
U9c-ycvw02A,I Think I Am Going For The #KarnageRC,1951,60589,2015-06-05T15:21:50Z
GfgcVOuHLAo,Every FaZe Video Ever #karnageRC,1826,60595,2015-06-04T19:09:17Z
zi7tZ-2PhLk,How Much Money Do You Make As An Uber Driver??????,1372,60755,2015-05-31T18:31:25Z
TacjQmKCiZg,How Much Does Faze Rain's Giveaway Cost??????,1620,60589,2015-05-30T21:27:08Z
AIytwdufwW8,MY MESSAGE TO COD YOUTUBERS (Watch till end plz),1468,61416,2015-05-29T20:07:48Z
KLAI0c0Spog,Best Of FlipArtz - His Best Advanced Supply Drops EVER!,1462,129225,2015-05-29T17:06:25Z
UVin8WtE5eU,Summer Is Finally Here!,1265,65322,2015-05-28T21:46:37Z
wNuxirsrwBk,Why Are Things Unbalanced In Video Games?????,1412,99003,2015-05-28T20:36:06Z
6bxZpS0cm5o,New Channel?,4314,173072,2015-05-23T22:59:21Z
ajJbMGq9AS4,"Youtube ""Freinds""",1637,105414,2015-05-23T01:28:10Z
UXw9jqgJNNc,Youtube Stat News - Vevo Gets 10 Bil. Views A Month Channel Milestones and more!,2420,60592,2015-05-21T00:31:22Z
E3CqKvlzl-I,Big Changes??? Idk just watch the stupid video,1814,60602,2015-05-18T21:29:43Z
zfDr05ax0gM,How Much Money Does DramaAlert Make????,1892,60587,2015-05-15T23:53:16Z
56OkH6ocYZU,L0114R - Biblical Creeper Post for Post @L0114R,1269,61073,2015-05-15T16:48:54Z
w40Z8aT5fpQ,Why Do We Do Things That Are Bad For Us?????,1857,60608,2015-05-14T23:52:57Z
zgDezsMQyyU,How To Monetize Your Videos And Make Lots Of Youtube Money!!$$$,1692,60979,2015-05-10T20:59:50Z
UEwnitHoSDw,DIY $23.00 Mini Sound Booth? Does It Work?,2803,156148,2015-05-09T19:47:51Z
__SaaKSW9iE,Cut Coms vs Uncut Coms,1553,60610,2015-05-09T06:53:13Z
qWnyJ55KBKo,Minimum Wage,1707,79282,2015-05-07T23:27:32Z
52awie9G00A,My New Channel Trailer ;),1757,67121,2015-05-07T01:27:48Z
bB99NdUoxEQ,Why I Changed My Channel Name,3721,150731,2015-05-03T23:59:54Z
7GjSaNi8Epg,How Overpriced Is Movie Popcorn?????,1592,60616,2015-05-03T18:39:15Z
h5uE4ERMiTk,Screw Warface,1571,60574,2015-05-02T21:41:18Z
umRLkCrmwcs,My Problems,2058,77745,2015-05-01T02:23:50Z
rHoLyltYDtQ,Ma Channel,1678,60810,2015-04-29T23:50:00Z
yeHjsYQ076A,Remember When COD Was Fun?,1783,60575,2015-04-26T21:26:36Z
pqrdPu2ESFo,My Baby Got a Virus :(,1722,82964,2015-04-25T22:34:19Z
ywZy_Fo2ydo,Modern Art Is A Joke,1573,60804,2015-04-25T15:02:30Z
qr4v9pdfVlU,Cheat Channels,1726,60641,2015-04-24T01:53:38Z
hgiPX33AHas,Time,1834,93315,2015-04-22T21:33:54Z
oZ-Mn5p1xMw,2000 Subscribers,22377,423891,2015-04-18T18:45:34Z
5UPa_hu5opg,Youtube,2384,104090,2015-04-14T22:39:24Z
zv_oq5UNDAo,How To SAT Get Into Yale,1375,62031,2015-04-13T11:08:02Z
NiqkH7qVW0U,100k Subs With No Videos????,9625,491802,2015-04-11T16:51:40Z
boBokLXe5o8,Is Jacksepticeye A Millionaire?????? 2016,3646,233335,2015-04-09T23:07:38Z
7YOzgk-U4EU,How Rich Is Buzz Feed???,1191,75222,2015-04-07T11:16:50Z
prdSftLj9-g,How To Do A High School or College Paper!,1933,105164,2015-04-06T11:42:14Z
pzlPJmNyepA,What is Crohn's Disease?????,18387,542731,2015-04-04T20:31:25Z
QNoqAnJOSqU,What Happens If You Get A Copy Right Strike??,4558,184086,2015-04-03T19:45:11Z
kzIA4vKyhRQ,5 Steps To Becoming Successful On Youtube,8671,198163,2015-04-02T23:10:02Z
DfonKqMENrg,Making Youtube a Priority,1779,67490,2015-04-01T23:58:35Z
MUQCwdkEbq0,Why I Was Not Uploading,1345,62912,2015-03-21T22:11:51Z
JlUzoQN9FWw,Youtubers Analytic's Explained,1528,65290,2015-03-06T01:07:06Z
0VjLq-go1fg,How Much $$$ Does Every Member of FaZe Make COMBINED????? 2016,1724,110849,2015-03-05T02:07:01Z
uCIpW9zOmgI,Is Pewdiepie The #2 Youtuber?!?!?  :0,1829,97107,2015-03-04T01:53:50Z
Z0Poefgrs4w,How Much Money Does Smosh Make????? 2016,1424,82142,2015-03-03T01:14:27Z
MLN6TRB9Jxw,Who Are The Worst Youtubers?????,4329,282993,2015-03-01T12:00:00Z
vZrL_FFITgs,Subscriber Goals For 2016,1570,61661,2015-02-28T17:12:07Z
L7lGD_anC00,How Many People Do Youtube as a JOB?????,1527,61742,2015-02-26T02:07:13Z
xu1nhAfnMGA,How Much Money Does Syndicate Project Make????? 2016,1234,93975,2015-02-24T20:26:12Z
D1livXdFGkQ,Are Youtubers Millionaires?,3517,204561,2015-02-22T19:45:00Z
bwp_3qLgWpQ,Magecraft - Epic Hit! 11k Troops killed.,1506,60747,2015-02-21T15:41:14Z
tZpnfF0-7Ls,Highest Paid Musicians????,2243,149509,2015-02-17T21:38:06Z
BwAMltY3-c0,Making Fun Of Youtuber's Intros.,7643,323410,2015-02-16T19:45:42Z
7HBR3Ea72CY,10 Things You DIDN'T Know About Youtube!,1691,77103,2015-02-08T00:04:06Z
Ds9H2UnUHL0,Quitting?,4910,140808,2015-02-06T22:27:38Z
iqUFeWAVp-0,How Much Money Does Markiplier Make????? 2016,2302,150706,2015-01-04T20:59:46Z
W2skFWRk6qo,PewDiePie Uploads A Fake Video! LOL,1628,89523,2015-01-01T18:56:04Z
X_qd-1xSTFA,Pewdiepie Was On T.V.,3547,164711,2014-12-07T17:51:08Z
VWa0ImMY2bQ,Five Facts You Didn't Know About Youtube.,2193,107986,2014-12-01T22:00:05Z
fEcASr38n2E,Milestones And Plans For My Channel,1805,78441,2014-11-30T18:21:44Z
udmf5MQLNGA,How Much Money Did Gangnam Style Earn??? 2016,2070,111338,2014-11-26T22:53:11Z
0dg2eR2NSQ0,Best League Player In The Universe.,17097,328726,2014-11-23T17:37:28Z
6BNOWeYFyP8,MageCraft - Beginners tutorial. (The app),1378,61428,2014-11-17T02:25:46Z
LDegY-H60_U,How much money does VanossGaming Make? 2016,4831,361148,2014-11-02T16:06:08Z
D51HaR-XvgM,Opening Old Basketball Cards! Ep. #1 (Michael Jordan Found),4197,206825,2014-10-21T02:19:05Z
Rio7r_vLUEo,20 Best Websites?????,3667,203412,2014-08-29T22:45:20Z
8E5Ygl02wtM,"How Much Money Does ""Chris Smooth"" Make?????",1350,78926,2014-08-21T22:46:35Z
moMJjt5KECc,Money Problems,5349,308076,2014-08-20T17:40:18Z
OffgqPzDi7Q,Vanoss vs Speedy! Who is better? Updated.,1634,60789,2014-08-20T01:57:30Z
B_7uD3B62MM,Welcome To My Channel!,2051,87565,2014-08-18T00:01:52Z
bA20RJcegOI,1500,9316,329793,2014-08-08T18:58:18Z
NbHwVDt9Rjk,How Much Money Does Yogscast Make????? 2016,1157,61689,2014-07-13T18:37:22Z
VzsE09KjpKA,How Much Does WhiteBoy7thSt Make????? 2016,2990,337284,2014-07-11T21:52:50Z
HduubRTdko4,"How Much Does ""Epic Rap Battles"" Make?????",1603,60577,2014-07-10T23:05:51Z
qFOGv5zuTdw,How Much Money Does FaZe Make?????,1726,60594,2014-07-09T21:15:15Z
u6t4jrhs56Q,"Top Youtube ""ShoutOuts""",2005,60574,2014-07-09T00:07:05Z
460GXJiGCEs,Youtube Dream,2375,81433,2014-07-08T00:17:34Z
ZiuoOcj2eLY,In Dis Video I Play Minecraft. (Factions),1757,62429,2014-07-05T15:57:13Z
LYK6SPMtJ_Y,Youtube Grind,3019,125013,2014-06-28T21:06:46Z
2ljWxaMvE_0,Hacker in Ghost???? I Couldn't Kill Him.,1768,60594,2014-06-22T00:27:19Z
rSuuQ_s8gOw,How Much Money Does Tmartn Make?????,1801,60606,2014-06-21T18:43:51Z
vKKhX-Uyggw,How Much Money Does FaZe Rain Make?????,1483,73427,2014-06-18T14:00:09Z
EAwXH82m-6A,G2g Brb,1879,60592,2014-06-16T14:00:07Z
U_07AG_CR5A,Crazy Nub Tub Reactions! Bo2 Fun!,1812,60582,2014-06-13T22:44:22Z
Xe0AGtF5aNU,Fun In COD. - Insane Reactions Lol,1869,60590,2014-06-10T19:01:43Z
NCv0drAPm_M,Minecraft Build-off Fun!!!!!,2061,78346,2014-06-09T12:00:07Z
HuLAAXZXIy0,This Kid Should Quit COD....,1705,85185,2014-06-02T21:37:07Z
pV7UcYW1OwA,Computer vs Console My Perspective.,2432,114635,2014-06-02T18:08:34Z
x4IXCimma-s,5 Youtubers I Think Will Be Famous...,5891,243775,2014-05-31T21:06:55Z
anZbhN0Wh_4,How Much Does PewDiePie Make????? 2016,6045,439933,2014-05-24T19:33:12Z
3Q3pQmzWyZM,I Got Really Really Really Bored....,1814,61753,2014-05-24T16:37:13Z
BqS4iVHa-LU,How Much Money Does Penguinz0 Make????? 2016,3233,100751,2014-05-16T23:53:55Z
zX04jQFKCpo,How Much Money Does CaptainSparkles Make????? 2016,7742,819572,2014-05-15T20:36:54Z
G7Y9ban7b0U,How Much Money Does Tobuscus Make?????,1532,77051,2014-05-14T23:06:58Z
EMVvA5Cr0fY,COD IS NOT DEAD,2343,83676,2014-05-08T02:19:42Z
e14MroQ5k_s,Storm,7881,274498,2014-04-30T20:31:15Z
CuzdxsOXEZ8,Hearthstone - All Beards Challenge!,1756,85193,2014-04-24T01:56:43Z
67Wj-0OyKOM,Youtube ad.,10410,563913,2014-04-20T20:26:16Z
LWstCINhd8g,Impossible,2776,90872,2014-04-20T01:45:45Z
dg6iqLCPizs,Motivation,3316,99514,2014-04-17T01:22:40Z
cRPldarzw-M,1k Subs,1276848,17580571,2014-04-13T23:53:33Z
-rdYtmUejSE,Yup I is the best at the game.,5477,299474,2014-04-05T13:00:05Z
tusuuI7MEJU,Should I join FaZe?????,18550,939954,2014-04-04T19:44:52Z
XDe5f8BEvwY,Youtube Networks Requirerments. (Machinima TGN 8byte....),1420,95398,2014-04-01T16:37:55Z
BtCGABBPH9s,Two Years of Youtube.,10168,488124,2014-03-31T16:31:32Z
KJ_C_NSl0P8,"How Much Money Does ""Element Animation"" Make?????",3683,198119,2014-03-30T23:40:18Z
LI8nWXeYtOs,"How Much Money Does ""Skydoesminecraft"" Make????",1695,81755,2014-03-30T01:52:06Z
LMe7k8I082w,Should College Athletes Be Paid?????,2005,93593,2014-03-29T00:18:35Z
h77pHTSPSiw,"""Beast"" Channel Trailer",1907,72799,2014-03-28T21:01:57Z
JUiijjJOInw,What It Takes To Be A Full Time Youtuber...,1961,63651,2014-03-27T19:00:05Z
gpbY6zCEBv4,How Video Games Boosted My SAT Score. Lol,1801,65962,2014-03-26T23:59:45Z
Kgu2ApayYvI,How Much Money Do I Make?????,5012,161126,2014-03-16T01:24:25Z
S9PIukDRcvk,Update,2012,74350,2014-03-13T00:19:29Z
lrw3zkGS9Vc,Subscribers.,3286,118430,2014-03-08T03:52:13Z
IQYW_lVBYGo,How Much Money Does KyR's Speedy's Crew Make?????,2051,104704,2014-03-02T18:14:47Z
iOjxpow6jow,How Many Youtubers Are Millionaries?????,9134,522650,2014-02-26T23:52:57Z
GdD2pqAdjXY,Flappy Bird - Builders Showdown Which is Better?,3318,123812,2014-02-23T22:29:21Z
nmHCmLVLxcU,New COD Zombies In 2014?????,2259,87510,2014-02-23T21:40:04Z
TZPlDuYrcDQ,Minecraft Mansion Timelapse,19900,629207,2014-02-22T23:51:15Z
Oub4nMrNTqQ,Top 5 NON-COPYRIGHTED Songs!!!!!,3547,131885,2014-02-17T20:30:02Z
h5Z36IuyrKc,Vanoss vs Speedy! Which is better?,2789,121649,2014-02-16T20:13:22Z
2IGxSOfsBok,I Hate Pewdiepie!!!!!,225029,3039209,2014-02-01T00:16:57Z
ZxkLCq49Tvk,Does Spam Work?????,7538,490657,2014-01-20T23:41:17Z
smDPnIdlkhM,100th VIDEO SPECIAL!,14713,471205,2014-01-20T01:17:01Z
DjMYkWCEan8,The Vortex SMP Episode 1! Just Derping Around and Explaining Things.,3772,143375,2014-01-18T02:49:24Z
3nn_skHgkqI,Has Youtube Met Its Match?????,2413,114734,2014-01-12T01:25:53Z
A8IkOqb_7Yg,How Much Money Does Pewdiepie Make????? (Updated 2015),29646,2021944,2014-01-11T20:31:34Z
hHl_YMivv3c,Battle Pirates my base.,2052,88964,2013-12-31T14:48:55Z
7mLSbgyjM0g,Battle Pirates Hellstrike Base attack.,2026,78174,2013-12-29T22:22:57Z
TGKkMl17Htg,Battle Pirates Unstoppable Ship!,2348,62741,2013-12-29T21:05:08Z
Qw3eFnsSdlQ,Best Hellstrike Build???? (Battle Pirates),2031,62643,2013-12-29T17:10:57Z
KcNCJ1mgt14,Marauder Builds Battle Pirates In Depth Builds.,2326,62666,2013-12-29T16:20:05Z
A4lp4FRCo6o,Battle pirates How To Auto Lvl 40 Salvages.,2086,66081,2013-12-29T00:32:15Z
WYKZz3Zygdc,Hellstrikes vs 7 halos!,2111,93089,2013-12-27T00:27:31Z
5U2fmvh9_Is,Battle Pirates Hellstrike vs Epic Base!,2050,78504,2013-12-24T00:00:20Z
xvIpibLjs5k,Battle Pirates Another Hellstrike Fail.,2087,77986,2013-12-18T23:47:57Z
jlpAON0ePME,Battle pirates Hellstrike fail!,2064,77817,2013-12-18T22:31:02Z
sfp0a6zDoNQ,Battle Pirates lvl 66 vs Missile Cruiser x Fleet!,2048,79721,2013-12-17T18:56:41Z
RaDRWNz3Al4,Battle Pirates Hellstrike Too Overpowered????,2104,77285,2013-12-14T15:58:11Z
Ms9MGkEm4mg,Battle Pirates All Sentinel Base.,2230,83396,2013-12-05T02:24:33Z
90wWStXJX5c,Battle pirates Lvl 58 Mercury Base Attack!,2569,118614,2013-12-05T01:06:00Z
ruSVy-u2DzM,Battle Pirates Stingray vs Mercury Epic Battle!,2466,81370,2013-12-05T00:00:24Z
pP1KMQb51GA,OpTiC NaDeShOt Got Hack!!,2386,85820,2013-11-27T19:37:44Z
dPxAFqs2eYE,Epic Ghost Multiplayer EasterEggs! (PrisonBreak Sovereign and Flooded),3386,119967,2013-11-17T18:26:11Z
p-KVD5rA_Cw,Why Google Does Not Care What We Think....,7636,472647,2013-11-17T01:40:48Z
JdCgkcb1iwQ,My First Kem Strike!,3296,93375,2013-11-16T19:48:55Z
7anhkLPRk-A,Google+ The Death Of Youtube?????,3562,151835,2013-11-13T22:09:21Z
XVMY7B3AzWM,How Much Money Does PewDiePie Make?????,15595,882459,2013-11-12T03:18:18Z
QXag-irFHxE,Most Overpowered Guns In Ghost!,3873,126415,2013-11-11T20:11:15Z
vBEGODNmdas,Are Minecraft Faction Has A New Pet! (poopymiscquidlepants),3045,113563,2013-10-31T20:44:54Z
v3tbnlc5cfo,Battle Pirates!,4101,117715,2013-09-21T22:18:59Z
ObYLL97-SBA,How To Duplicate Diamonds!!!!,6655,188999,2013-09-15T01:09:42Z
IaR7P4-wFK8,50k Video Views!!!! EpicSauce!,9289,284085,2013-09-08T22:20:48Z
v1ELS84GQu8,If This Video Gets One Million Views.....,1172943,13301560,2013-09-07T02:28:05Z
ctJORnOjbrQ,These Were The Good Days....,4801,192601,2013-09-05T02:14:46Z
-hrPQFaDVKQ,Channel Update.,4878,194965,2013-08-16T20:34:58Z
bIZ5_L1ru2w,Funny Noob Tubing Reaction Montage!,3865,138096,2013-08-16T03:04:45Z
yyssjJEJMt4,Minecraft How To Grief Without Being Seen!,18131,360417,2013-08-14T21:39:31Z
2bwPntvb90U,Buried Round 50 Gameplay! Black ops 2 Zombies.,4647,151111,2013-08-12T22:49:16Z
Wz1VHTZq16c,Minecraft Let's Play Ep. # 2 - Having Fun and Derping!,7519,197936,2013-08-12T01:53:18Z
Cs-kyTJso-A,Worlds Biggest Ball Of TNT Minecraft!  Challenge Video!,19423,647372,2013-08-09T23:45:05Z
jkqd-oc0F00,How To Get A Gaming Partnership And What It Is.,3837,108083,2013-08-08T21:25:32Z
mVkT6Cd9SoI,Camping Montage.... LOL,3667,110583,2013-08-05T21:12:41Z
rffyxTTNkyk,Black Ops 2! Mini Update Video.,4225,107290,2013-08-05T02:55:37Z
OOesLeO6-pc,Randomness,4405,107325,2013-08-02T22:16:42Z
Q5lcjP6XlHw,203 Kill Game! Thanks For 300 Subscribers!,6245,171161,2013-08-01T19:36:50Z
sE3ZZmYotSs,Call of Duty Ghost Multiplier Reveal Trailer Release Date!,4288,129068,2013-07-30T20:51:42Z
pUwUAtmBKxw,Insane Black Ops 2 HACKER!!!!,6864,255724,2013-07-30T02:45:21Z
p5rGgPZtjDw,Top Subscribed To Channels? BO2 w/ commentary!,4776,132008,2013-07-28T20:50:09Z
bWDmDsdvoBs,Career Ender ....  LOL,4407,159167,2013-07-28T17:13:58Z
OJA1QK-j-Oo,I Bought A New Microphone!  (quality test),5334,169470,2013-07-27T23:25:01Z
KL1X8NsVGd0,Top 10 Worst Guns in Call Of Duty History!,7536,215516,2013-07-25T21:36:56Z
q2HoSwCMcZw,Black ops 2 Patch news!,5175,151057,2013-07-24T20:35:32Z
RRknlgRqOds,Black ops 2 Invisible equipment and scorestreak glitch!,5717,185446,2013-07-21T18:26:36Z
j93M46a-W3U,I'm Back! Update Video....,6955,204016,2013-07-19T23:41:14Z
uqjfMNEWNIg,Minecraft Let's Play! Ep. 1. The Beginning!,25210,715494,2013-07-08T20:03:41Z
X-g9aT2wFjM,Channel Trailer....,10215,285802,2013-07-06T18:17:45Z
pHKlrJeKmjA,Black ops 2 Shotgun gameplay w/ commentary....  Ps4 or Xbox?,6846,262291,2013-07-06T00:13:48Z
C82suucz4i4,Black ops 2 Gameplay w/ commentary. Hipsters,12307,372786,2013-07-03T17:48:10Z
H_DYlka7QAQ,Project Zomboid Let's Play ep [04] lots of stuff,5969,153212,2013-06-18T15:51:26Z
ov0KQthQ50U,Project Zomboid Let's Play ep. [03] Looting and storing.,5774,147259,2013-06-17T02:17:34Z
MC-7ziNt_U4,Project Zomboid let's play ep. [02] Just some chores.,6050,147675,2013-06-15T19:54:37Z
PNsF1Uh5yP8,Project Zomboid Lets Play ep [01] Roughing it out!,9178,259359,2013-06-15T00:03:38Z
9Y2sAtN5yRs,Gunpowder plus mod! (Grenade mod) Epic explosions for minecraft.,8275,230484,2013-04-21T18:04:39Z
-z349CGAOXs,Horse racing map for new update! (minecraft),8074,221604,2013-04-21T16:37:08Z
pl4xmh3RWfE,Amazing minecraft Cathedral!,14374,439198,2013-04-21T01:36:32Z
6z5RwrvnH28,Huge WW2 jeep! Minecraft creations.,19050,629265,2013-04-21T00:52:21Z
ivdQqobHDPc,Story time!,20823,638518,2013-04-18T01:54:48Z
uUIlb2rpIuY,Epic Minecraft city! (w/ download link!),11674,391602,2013-04-11T01:00:01Z
Ros1PpcO5Js,Pokemon online battle #9 [rb] Hidden power ice ftw!,7927,202233,2013-04-07T00:03:02Z
KYv1nqutbK0,Pokemon online battle #8 Stone edge,8977,195994,2013-04-05T01:21:12Z
7Yi-ctyTNU4,Online pokemon battle #7 [uu] 5-0,10390,250129,2013-04-04T01:43:46Z
VN2-3OfUzd8,Magic karp sweeps whole team of LEGENDARIES!!!,8028,205320,2013-04-01T23:26:03Z
-2IFrMOM36w,Pokemon online battles #5 [uu] Heracross never seems to dissapoint me...,9056,203905,2013-03-31T20:49:28Z
7dIFHQkrASM,This is a detailed break down of my favorite UU team... ENJOY!,8906,218307,2013-03-29T23:14:45Z
QicO1Gd0kvU,Pokemon online battle #4 [uu] Same old team,0,258693,2013-03-28T17:22:43Z
yFfcsmK2TOA,Online pokemon battle #3 [uu] Ice punch,0,216081,2013-03-27T19:57:08Z
Jl0-6tbNGBo,Pokemon online battle #2 [uu] Herracross w/ Dat MOXIE BOOST,0,316547,2013-03-26T16:58:32Z
IAbX0FwX-GY,Why I Haven't Been Uploading,0,862764,2013-03-25T20:10:38Z
XKSJRulqDNA,Most Epic Thing In Minecraft!?!?!?!?!?!!?????,18015,456310,2013-03-10T22:19:14Z
jysfHFHNjYQ,Epic minecraft apartment complex!,22949,576606,2013-01-27T18:25:46Z
Yox25V8Qsm4,Crazy Illulsions In Minecraft. (Bigre),25344,723958,2013-01-27T02:11:30Z
clcN3OA8SNw,Best Minecraft Castle Ever?,19896,422056,2013-01-27T01:52:40Z
m3lTwO0aNyw,How to get unlimited diamonds! minecraft (x-ray),25149,612316,2013-01-26T19:34:43Z
gchqnwXlxJw,Drinks in minecraft (mod),0,594002,2013-01-26T16:26:34Z
atCPtw4dg7g,Emerald tool mod! (minecraft),25837,573678,2013-01-23T22:34:58Z
t8aM4HuVLrQ,This is a block? Since when lol.,33947,898526,2013-01-21T22:30:09Z
M82VAcabSiA,Scary minecraft pig skin!,38003,1127585,2013-01-13T16:53:17Z
7qj3nuF9Dzw,Most Epic minecraft skin EVER  (Psy),44767,1274710,2013-01-13T01:59:21Z
Y74b7WlcEpk,More birds IN MINECRAFT!!,49649,1399480,2013-01-12T23:35:45Z
Z8nEEdXTaX0,Boxy item mod Minecraft.  EPIC,58635,1648316,2013-01-12T22:34:11Z
jP82d277Cc8,Harry Potter Mod In Minecraft! EPIC MUST SEE MOD!!!,0,6288393,2012-03-09T23:29:03Z
2XVcLrB7B3Y,Worst Minecraft Saw Trap Ever???,1356530,32406146,2012-02-20T22:42:32Z