URL of Post,Sentiment Score,Post Score
https://www.reddit.com/r/MadeMeSmile/comments/1nsa38l/a_true_birthing_hero/,0.7983,12204
https://www.reddit.com/r/MadeMeSmile/comments/1nsnqim/once_a_good_boy_always_a_good_boy/,0.7003,9466
https://www.reddit.com/r/MadeMeSmile/comments/1ns3p17/japanese_guy_helps_another_guy_to_open_his_bottle/,0.3818,9453
https://www.reddit.com/r/MadeMeSmile/comments/1nsgaoq/my_parents_advised_me_to_live_with_them/,0.5719,9152
https://www.reddit.com/r/MadeMeSmile/comments/1nt3b08/little_guy_is_super_excited_to_celebrate_his_moms/,0.8669,8880
https://www.reddit.com/r/MadeMeSmile/comments/1ns32ix/be_nice_to_them_they_will_always_remember/,0.4215,8831
https://www.reddit.com/r/MadeMeSmile/comments/1nstobb/this_is_one_genuinely_great_police_officer/,0.6249,6223
https://www.reddit.com/r/MadeMeSmile/comments/1ns9ns1/the_happiness_on_their_faces/,0.5574,5809
https://www.reddit.com/r/MadeMeSmile/comments/1nth0nk/this_guy_had_been_in_the_hospital_for_a_long_time/,0.7225,5706
https://www.reddit.com/r/MadeMeSmile/comments/1nta0m4/this_woman_helps_a_scolding_duck_mother_at_an/,0.3818,5456
https://www.reddit.com/r/MadeMeSmile/comments/1nsocd5/time_to_change_the_location_of_the_cookies/,0,5272
https://www.reddit.com/r/MadeMeSmile/comments/1nt9d8w/disneyland_is_home_to_around_200_feral_cats_they/,0.8074,5147
https://www.reddit.com/r/MadeMeSmile/comments/1nssbw7/im_not_exaggerating_when_i_say_ive_been_trying_to/,0.7036,4454
https://www.reddit.com/r/MadeMeSmile/comments/1ntj1vb/she_may_be_old_but_she_did_herself_proud/,0.9209,4028
https://www.reddit.com/r/MadeMeSmile/comments/1nsxl8u/a_wild_burro_approached_a_man_at_a_gas_station/,0,3685
https://www.reddit.com/r/MadeMeSmile/comments/1ntg3ml/thats_his_new_favourite_colour_now/,0,3515
https://www.reddit.com/r/MadeMeSmile/comments/1ns5gyg/someone_abandoned_this_bird_and_this_person_found/,-0.4588,3262
https://www.reddit.com/r/MadeMeSmile/comments/1nt517h/the_perfect_instruction_taker/,0.5719,2633
https://www.reddit.com/r/MadeMeSmile/comments/1nsgkzi/the_happiness_of_this_dog_after_they_put/,0.5574,2434
https://www.reddit.com/r/MadeMeSmile/comments/1nsnxu7/never_judge_a_book_by_its_cover/,0,1448
https://www.reddit.com/r/MadeMeSmile/comments/1nsmox0/oc/,0,1388
https://www.reddit.com/r/MadeMeSmile/comments/1nt9hap/kid_has_an_unforgettable_birthday/,0,1252
https://www.reddit.com/r/MadeMeSmile/comments/1ntfczt/new_zealands_ruahei_demant_talkung_about_the/,0,1218
https://www.reddit.com/r/MadeMeSmile/comments/1nsdn3d/just_good_vibes_from_kfc_crew/,0.4926,1163
https://www.reddit.com/r/MadeMeSmile/comments/1nsrkzb/the_cutest_fist_bump/,0.5859,1031
https://www.reddit.com/r/MadeMeSmile/comments/1nsxgr6/in_2009_kate_winslet_and_leonardo_dicaprio/,0.3612,1027
https://www.reddit.com/r/MadeMeSmile/comments/1ntlclz/he_only_knows_love/,0.6369,951
https://www.reddit.com/r/MadeMeSmile/comments/1nses85/playful_careful_lamb/,0.5423,923
https://www.reddit.com/r/MadeMeSmile/comments/1nt7ah4/the_drawing_my_wife_left_me_last_night_on_our/,0,896
https://www.reddit.com/r/MadeMeSmile/comments/1nteh0e/isaac_meets_his_favourite_team_and_gets_to_go_to/,0,866
https://www.reddit.com/r/MadeMeSmile/comments/1nthbfk/this_is_what_a_29_year_old_cat_looks_like/,0.3612,821
https://www.reddit.com/r/MadeMeSmile/comments/1nsf3le/mom_flies_home_to_walk_his_son_down_the_aisle/,0,818
https://www.reddit.com/r/MadeMeSmile/comments/1ns937o/a_cat_taking_a_nap_on_a_glass_table/,0,700
https://www.reddit.com/r/MadeMeSmile/comments/1nsbo1g/aww_bless_them_both/,0.4215,625
https://www.reddit.com/r/MadeMeSmile/comments/1nthhvm/cutest_tit_for_tat/,0.6239,527
https://www.reddit.com/r/MadeMeSmile/comments/1nstf4g/recycling_machines_in_bucharest_dispense_food_for/,0,505
https://www.reddit.com/r/MadeMeSmile/comments/1nse23l/simple_joys/,0.4939,474
https://www.reddit.com/r/MadeMeSmile/comments/1nsywhs/grandpa_so_cute/,0.763,474
https://www.reddit.com/r/MadeMeSmile/comments/1ntbo21/team_saves_a_stuck_turtle/,-0.4404,375
https://www.reddit.com/r/MadeMeSmile/comments/1nt3ll9/im_a_shelter_vet_tech_and_got_to_see_my_friend_oat/,0.7351,369
https://www.reddit.com/r/MadeMeSmile/comments/1nstc3e/relax/,0.4404,356
https://www.reddit.com/r/MadeMeSmile/comments/1ntc5gd/cats_and_kids/,0,302
https://www.reddit.com/r/MadeMeSmile/comments/1nsyy7k/hey_who_said_you_can_stop/,-0.296,251
https://www.reddit.com/r/MadeMeSmile/comments/1nsvotc/displayed_at_the_avengers_museum_in_greenville_sc/,0,249
https://www.reddit.com/r/MadeMeSmile/comments/1nsypxu/my_community_all_pitched_in_and_brought_little/,-0.0699,240
https://www.reddit.com/r/MadeMeSmile/comments/1nt5fcg/every_school_pta_we_need_fundraising_ideas/,0,223
https://www.reddit.com/r/MadeMeSmile/comments/1ntfaza/now_thats_chillin/,0,210
https://www.reddit.com/r/MadeMeSmile/comments/1nt5vyy/i_learned_what_nsv_means/,0,208
https://www.reddit.com/r/MadeMeSmile/comments/1nsc91w/i_post_cleanup_photos_on_reddit_to_inspire_action/,0.8478,208
https://www.reddit.com/r/MadeMeSmile/comments/1nsl7nr/i_want_meet_this_mother/,0.0772,207
https://www.reddit.com/r/MadeMeSmile/comments/1ns69u7/if_youre_going_to_be_behind_someone/,0.4404,184
https://www.reddit.com/r/MadeMeSmile/comments/1nti6gt/theres_absolutely_nothing_better_than_baby_giggles/,-0.2226,175
https://www.reddit.com/r/MadeMeSmile/comments/1ns6zxu/give_yourself_a_par_on_thr_pat/,0,168
https://www.reddit.com/r/MadeMeSmile/comments/1nt31zw/a_very_smart_african_grey/,0.5356,168
https://www.reddit.com/r/MadeMeSmile/comments/1ns9v9k/what_a_beautiful_human/,0.8442,148
https://www.reddit.com/r/MadeMeSmile/comments/1ns9pdq/charity_bake_sale_in_san_diego/,0.4215,144
https://www.reddit.com/r/MadeMeSmile/comments/1ntezuo/shenzhens_mangroves_china_despite_having_over_17/,0,132
https://www.reddit.com/r/MadeMeSmile/comments/1ns25gy/i_woof_you_with_all_my_heart/,0.6696,132
https://www.reddit.com/r/MadeMeSmile/comments/1nsz2ji/playful_dog/,0.4404,128
https://www.reddit.com/r/MadeMeSmile/comments/1ntc9zd/oc_nominated_for_the_noble_peace_prize_for/,0.9001,111
https://www.reddit.com/r/MadeMeSmile/comments/1ntk6dr/a_humpty_dumpty_hot_air_balloon/,0,103
https://www.reddit.com/r/MadeMeSmile/comments/1nta7ea/it_felt_good/,0.4404,103
https://www.reddit.com/r/MadeMeSmile/comments/1nsx9q1/my_fiancées_reaction_to_my_proposal_part_2_oc/,0,102
https://www.reddit.com/r/MadeMeSmile/comments/1ntk69i/seeing_my_son_enjoy_the_same_hobbies_as_me_brings/,0.7839,95
https://www.reddit.com/r/MadeMeSmile/comments/1ntj1j8/paris_zoo_welcomes_its_first_baby_giraffe_in_6/,0.4019,93
https://www.reddit.com/r/MadeMeSmile/comments/1ntdn0g/defeeted_but_never_defeated_hiking_group_for/,-0.1017,86
https://www.reddit.com/r/MadeMeSmile/comments/1nt0988/little_man_has_a_beautiful_voice/,0.5994,78
https://www.reddit.com/r/MadeMeSmile/comments/1nt4x0s/for_anyone_having_a_bad_day_oc/,-0.5423,75
https://www.reddit.com/r/MadeMeSmile/comments/1nsqi0g/store_owner_uses_fog_machine_to_stop_thieves_from/,-0.6705,65
https://www.reddit.com/r/MadeMeSmile/comments/1ntk8bd/3_year_old_thinks_shes_good_at_hide_and_seek/,0.296,65
https://www.reddit.com/r/MadeMeSmile/comments/1ntim26/cats_and_video_cameras/,0,64
https://www.reddit.com/r/MadeMeSmile/comments/1nsa2r5/my_sweet_and_very_sleepy_bubby_girl/,0.5093,59
https://www.reddit.com/r/MadeMeSmile/comments/1nsq8mr/my_daughter_made_me_a_card_oc/,0,58
https://www.reddit.com/r/MadeMeSmile/comments/1ns69n3/got_inspired_by_the_early_autumn_colors_and_made/,0.4939,56
https://www.reddit.com/r/MadeMeSmile/comments/1nsynk7/wash_me/,0.4588,50
https://www.reddit.com/r/MadeMeSmile/comments/1ns4msz/oc_i_made_a_silly_little_pup_report_card_thing/,0.891,47
https://www.reddit.com/r/MadeMeSmile/comments/1nssszt/oc_got_the_bassist_from_my_kids_band_singing/,0,43
https://www.reddit.com/r/MadeMeSmile/comments/1nt5kt6/oc_doggo_driver/,0,41
https://www.reddit.com/r/MadeMeSmile/comments/1nsvt34/i_just_completed_my_first_century_doing_the_big/,0,40
https://www.reddit.com/r/MadeMeSmile/comments/1nsjw4g/smiles_needed_oc/,0.4767,39
https://www.reddit.com/r/MadeMeSmile/comments/1ntlien/oc_sometimes_you_find_happiness_in_the_smallest/,0.8794,39
https://www.reddit.com/r/MadeMeSmile/comments/1nswo6l/meu_cachorro_fica_imóvel_quando_coloco_a_coleira/,0.891,35
https://www.reddit.com/r/MadeMeSmile/comments/1nsrubx/dinner_time_with_plain_and_dotted/,0,34
https://www.reddit.com/r/MadeMeSmile/comments/1ntdmx0/cat_knows_how_to_do_pushups/,0,33
https://www.reddit.com/r/MadeMeSmile/comments/1nsqg6g/watching_the_baby_monitor/,0,31
https://www.reddit.com/r/MadeMeSmile/comments/1ns8ks2/someones_brotherinlaws_cat_cross_post/,0,30
https://www.reddit.com/r/MadeMeSmile/comments/1ntncnj/this_is_the_best_reaction_ive_seen_to_this_trend/,0.6369,23
https://www.reddit.com/r/MadeMeSmile/comments/1nsym70/cow_tool/,0,21
https://www.reddit.com/r/MadeMeSmile/comments/1nsm4nf/my_lab/,0,18
https://www.reddit.com/r/MadeMeSmile/comments/1nsf248/he_had_left_his_gas_stove_on_at_home_with_eggs/,0,0
https://www.reddit.com/r/MadeMeSmile/comments/1ns4v8o/oc_the_name_nibble_notes/,0,0